STARCON_FONT,0x03800003L,font.starcon,lbm/starcon.fon
TINY_FONT,0x03800103L,font.tiny,lbm/tiny.fon
MICRO_FONT,0x03c00203L,font.micro,lbm/micro.fon
LANDER_FONT,0x11400303L,font.lander,ipanims/lander.fon
PLAYER_FONT,0x17a00403L,font.player,lbm/player.fon
PT13AA_FONT,0x24000503L,credits.font.pt13,credits/pt13.fon
PT17AA_FONT,0x24000603L,credits.font.pt17,credits/pt17.fon
PT45AA_FONT,0x24000703L,credits.font.pt45,credits/pt45.fon
TITLE_ANIM,0x00400002L,graphics.title,lbm/title.ani
STATUS_MASK_PMAP_ANIM,0x03800102L,graphics.status,lbm/status.ani
ACTIVITY_ANIM,0x03800202L,graphics.activity,lbm/activity.ani
PLAYMENU_ANIM,0x03a00302L,graphics.playmenu,lbm/playmenu.ani
FLAGSTAT_MASK_PMAP_ANIM,0x03e00402L,graphics.flagstat,lbm/flagstat.ani
MISCDATA_MASK_PMAP_ANIM,0x03e00502L,graphics.miscdata,lbm/miscdata.ani
STAR_MASK_PMAP_ANIM,0x04400602L,graphics.stars,lbm/stars.ani
ASTEROID_BIG_MASK_PMAP_ANIM,0x04400702L,graphics.astbig,lbm/astbig.ani
ASTEROID_MED_MASK_PMAP_ANIM,0x04400802L,graphics.astmed,lbm/astmed.ani
ASTEROID_SML_MASK_PMAP_ANIM,0x04400902L,graphics.astsml,lbm/astsml.ani
BLAST_BIG_MASK_PMAP_ANIM,0x04400a02L,graphics.blabig,lbm/blabig.ani
BLAST_MED_MASK_PMAP_ANIM,0x04400b02L,graphics.blamed,lbm/blamed.ani
BLAST_SML_MASK_PMAP_ANIM,0x04400c02L,graphics.blasml,lbm/blasml.ani
BOOM_BIG_MASK_PMAP_ANIM,0x04400d02L,graphics.boobig,lbm/boobig.ani
BOOM_MED_MASK_PMAP_ANIM,0x04400e02L,graphics.boomed,lbm/boomed.ani
BOOM_SML_MASK_PMAP_ANIM,0x04400f02L,graphics.boosml,lbm/boosml.ani
AMBIENT_MASK_PMAP_ANIM,0x04601002L,graphics.ambanim,lbm/ambanim.ani
HYPERSTARS_MASK_PMAP_ANIM,0x04801102L,graphics.hyperstr,lbm/hyperstr.ani
ARISPACE_MASK_PMAP_ANIM,0x04a01202L,graphics.arispace,lbm/arispace.ani
IPBKGND_MASK_PMAP_ANIM,0x05001302L,graphics.obbkgnd,ipanims/obbkgnd.ani
SISIP_MASK_PMAP_ANIM,0x05201402L,graphics.sis_ip,ipanims/sis_ip.ani
ORBPLAN_MASK_PMAP_ANIM,0x05201502L,graphics.orbplan,ipanims/orbplan.ani
SUN_MASK_PMAP_ANIM,0x05201602L,graphics.ip_sun,ipanims/ip_sun.ani
LANDER_MASK_PMAP_ANIM,0x05401702L,graphics.lander,ipanims/lander.ani
QUAKE_MASK_PMAP_ANIM,0x05401802L,graphics.quake,ipanims/quake.ani
LIGHTNING_MASK_ANIM,0x05401902L,graphics.lightnin,ipanims/lightnin.ani
LAVA_MASK_PMAP_ANIM,0x05401a02L,graphics.lavaspot,ipanims/lavaspot.ani
LANDER_SHIELD_MASK_ANIM,0x05401b02L,graphics.lndrshld,ipanims/lndrshld.ani
LANDER_LAUNCH_MASK_PMAP_ANIM,0x05401c02L,graphics.launch,ipanims/launch.ani
LANDER_RETURN_MASK_PMAP_ANIM,0x05401d02L,graphics.return,ipanims/return.ani
ORBIT_VIEW_ANIM,0x05601e02L,graphics.orbview,ipanims/orbview.ani
EARTH_MASK_ANIM,0x05801f02L,graphics.eartmask,ipanims/eartmask.ani
CANNISTER_MASK_PMAP_ANIM,0x05a02002L,graphics.lifecan,ipanims/lifecan.ani
LIFE00_MASK_PMAP_ANIM,0x05c02102L,graphics.life.0,ipanims/lifea.ani
LIFE01_MASK_PMAP_ANIM,0x05e02202L,graphics.life.1,ipanims/lifeb.ani
LIFE02_MASK_PMAP_ANIM,0x06002302L,graphics.life.2,ipanims/lifec.ani
LIFE03_MASK_PMAP_ANIM,0x06202402L,graphics.life.3,ipanims/lifed.ani
LIFE04_MASK_PMAP_ANIM,0x06402502L,graphics.life.4,ipanims/lifee.ani
LIFE05_MASK_PMAP_ANIM,0x06602602L,graphics.life.5,ipanims/lifef.ani
LIFE06_MASK_PMAP_ANIM,0x06802702L,graphics.life.6,ipanims/lifeg.ani
LIFE07_MASK_PMAP_ANIM,0x06a02802L,graphics.life.7,ipanims/lifeh.ani
LIFE08_MASK_PMAP_ANIM,0x06c02902L,graphics.life.8,ipanims/lifei.ani
LIFE09_MASK_PMAP_ANIM,0x06e02a02L,graphics.life.9,ipanims/lifej.ani
LIFE10_MASK_PMAP_ANIM,0x07002b02L,graphics.life.10,ipanims/lifek.ani
LIFE11_MASK_PMAP_ANIM,0x07202c02L,graphics.life.11,ipanims/lifel.ani
LIFE12_MASK_PMAP_ANIM,0x07402d02L,graphics.life.12,ipanims/lifem.ani
LIFE13_MASK_PMAP_ANIM,0x07602e02L,graphics.life.13,ipanims/lifen.ani
LIFE14_MASK_PMAP_ANIM,0x07802f02L,graphics.life.14,ipanims/lifeo.ani
LIFE15_MASK_PMAP_ANIM,0x07a03002L,graphics.life.15,ipanims/lifep.ani
LIFE16_MASK_PMAP_ANIM,0x07c03102L,graphics.life.16,ipanims/lifeq.ani
LIFE17_MASK_PMAP_ANIM,0x07e03202L,graphics.life.17,ipanims/lifer.ani
LIFE18_MASK_PMAP_ANIM,0x08003302L,graphics.life.18,ipanims/lifes.ani
LIFE19_MASK_PMAP_ANIM,0x08203402L,graphics.life.19,ipanims/lifet.ani
LIFE20_MASK_PMAP_ANIM,0x08403502L,graphics.life.20,ipanims/lifew.ani
LIFE21_MASK_PMAP_ANIM,0x08603602L,graphics.life.21,ipanims/lifex.ani
LIFE22_MASK_PMAP_ANIM,0x08803702L,graphics.life.22,ipanims/lifey.ani
LIFE23_MASK_PMAP_ANIM,0x08a03802L,graphics.life.23,ipanims/lifeu.ani
LIFE24_MASK_PMAP_ANIM,0x08c03902L,graphics.life.24,ipanims/lifev.ani
LIFE25_MASK_PMAP_ANIM,0x08e03a02L,graphics.life.25,ipanims/lifez.ani
MOONBASE_MASK_PMAP_ANIM,0x11603b02L,graphics.moonbase,ipanims/moonbase.ani
MAIDENS_MASK_PMAP_ANIM,0x11803c02L,graphics.maidens,ipanims/maidens.ani
AQUA_MASK_PMAP_ANIM,0x11c03d02L,graphics.aquhelix,ipanims/aquhelix.ani
BURV_BCS_MASK_PMAP_ANIM,0x11e03e02L,graphics.drutrans,ipanims/drutrans.ani
TAALO_DEVICE_MASK_PMAP_ANIM,0x12003f02L,graphics.taadevic,ipanims/taadevic.ani
SUN_DEVICE_MASK_PMAP_ANIM,0x12204002L,graphics.sundevic,ipanims/sundevic.ani
VAULT_MASK_PMAP_ANIM,0x12404102L,graphics.syrvault,ipanims/syrvault.ani
WRECK_MASK_PMAP_ANIM,0x12604202L,graphics.urqwreck,ipanims/urqwreck.ani
BOMB_MASK_PMAP_ANIM,0x12804302L,graphics.utwbomb,ipanims/utwbomb.ani
EGG_CASE_MASK_PMAP_ANIM,0x12c04402L,graphics.eggcase,ipanims/eggcase.ani
SPAPLUTO_MASK_PMAP_ANIM,0x12e04502L,graphics.spapluto,ipanims/spapluto.ani
RUINS_MASK_PMAP_ANIM,0x13804602L,graphics.ruins,ipanims/ruins.ani
UMGAH_BCS_MASK_PMAP_ANIM,0x13c04702L,graphics.umgtrans,ipanims/umgtrans.ani
MELEE_SCREEN_PMAP_ANIM,0x14204802L,graphics.melebkgd,melee/melebkgd.ani
MELEE_PICK_MASK_PMAP_ANIM,0x14404902L,graphics.melee,melee/melee.ani
SEGUE_PMAP_ANIM,0x14604a02L,graphics.segue,lbm/segue.ani
SC2_PICK_PMAP_ANIM,0x14804b02L,graphics.pickship,lbm/pickship.ani
RESTART_PMAP_ANIM,0x18204c02L,graphics.newgame,lbm/newgame.ani
MODULES_PMAP_ANIM,0x18404d02L,graphics.modules,lbm/modules.ani
SISMODS_MASK_PMAP_ANIM,0x18604e02L,graphics.sismods,lbm/sismods.ani
OUTFIT_PMAP_ANIM,0x18604f02L,graphics.outfit,lbm/outfit.ani
SISBLU_MASK_ANIM,0x18a05002L,graphics.sisblu,lbm/sisblu.ani
SHIPYARD_PMAP_ANIM,0x18a05102L,graphics.shipyard,lbm/shipyard.ani
STARBASE_ANIM,0x18e05202L,graphics.starbase,lbm/starbase.ani
SAMATRA_BIG_MASK_PMAP_ANIM,0x19005302L,planet.samatra.large,lbm/sam__big.ani
SHIELDED_BIG_MASK_PMAP_ANIM,0x19205402L,planet.slaveshield.large,lbm/shie_big.ani
SHIELDED_MED_MASK_PMAP_ANIM,0x19205502L,planet.slaveshield.medium,lbm/shie_med.ani
SHIELDED_SML_MASK_PMAP_ANIM,0x19205602L,planet.slaveshield.small,lbm/shie_sml.ani
PLANET00_BIG_MASK_PMAP_ANIM,0x19405702L,planet.oolite.large,lbm/ool__big.ani
PLANET00_MED_MASK_PMAP_ANIM,0x19405802L,planet.oolite.medium,lbm/ool__med.ani
PLANET00_SML_MASK_PMAP_ANIM,0x19405902L,planet.oolite.small,lbm/ool__sml.ani
PLANET01_BIG_MASK_PMAP_ANIM,0x19605a02L,planet.yttric.large,lbm/ytt__big.ani
PLANET01_MED_MASK_PMAP_ANIM,0x19605b02L,planet.yttric.medium,lbm/ytt__med.ani
PLANET01_SML_MASK_PMAP_ANIM,0x19605c02L,planet.yttric.small,lbm/ytt__sml.ani
PLANET02_BIG_MASK_PMAP_ANIM,0x19805d02L,planet.quasidegenerate.large,lbm/deg__big.ani
PLANET02_MED_MASK_PMAP_ANIM,0x19805e02L,planet.quasidegenerate.medium,lbm/deg__med.ani
PLANET02_SML_MASK_PMAP_ANIM,0x19805f02L,planet.quasidegenerate.small,lbm/deg__sml.ani
PLANET03_BIG_MASK_PMAP_ANIM,0x19a06002L,planet.lanthanide.large,lbm/lan__big.ani
PLANET03_MED_MASK_PMAP_ANIM,0x19a06102L,planet.lanthanide.medium,lbm/lan__med.ani
PLANET03_SML_MASK_PMAP_ANIM,0x19a06202L,planet.lanthanide.small,lbm/lan__sml.ani
PLANET04_BIG_MASK_PMAP_ANIM,0x19c06302L,planet.treasure.large,lbm/tre__big.ani
PLANET04_MED_MASK_PMAP_ANIM,0x19c06402L,planet.treasure.medium,lbm/tre__med.ani
PLANET04_SML_MASK_PMAP_ANIM,0x19c06502L,planet.treasure.small,lbm/tre__sml.ani
PLANET05_BIG_MASK_PMAP_ANIM,0x19e06602L,planet.urea.large,lbm/ure__big.ani
PLANET05_MED_MASK_PMAP_ANIM,0x19e06702L,planet.urea.medium,lbm/ure__med.ani
PLANET05_SML_MASK_PMAP_ANIM,0x19e06802L,planet.urea.small,lbm/ure__sml.ani
PLANET06_BIG_MASK_PMAP_ANIM,0x1a006902L,planet.metal.large,lbm/mtl__big.ani
PLANET06_MED_MASK_PMAP_ANIM,0x1a006a02L,planet.metal.medium,lbm/mtl__med.ani
PLANET06_SML_MASK_PMAP_ANIM,0x1a006b02L,planet.metal.small,lbm/mtl__sml.ani
PLANET07_BIG_MASK_PMAP_ANIM,0x1a206c02L,planet.radioactive.large,lbm/rad__big.ani
PLANET07_MED_MASK_PMAP_ANIM,0x1a206d02L,planet.radioactive.medium,lbm/rad__med.ani
PLANET07_SML_MASK_PMAP_ANIM,0x1a206e02L,planet.radioactive.small,lbm/rad__sml.ani
PLANET08_BIG_MASK_PMAP_ANIM,0x1a406f02L,planet.opalescent.large,lbm/opa__big.ani
PLANET08_MED_MASK_PMAP_ANIM,0x1a407002L,planet.opalescent.medium,lbm/opa__med.ani
PLANET08_SML_MASK_PMAP_ANIM,0x1a407102L,planet.opalescent.small,lbm/opa__sml.ani
PLANET09_BIG_MASK_PMAP_ANIM,0x1a607202L,planet.cyanic.large,lbm/cya__big.ani
PLANET09_MED_MASK_PMAP_ANIM,0x1a607302L,planet.cyanic.medium,lbm/cya__med.ani
PLANET09_SML_MASK_PMAP_ANIM,0x1a607402L,planet.cyanic.small,lbm/cya__sml.ani
PLANET10_BIG_MASK_PMAP_ANIM,0x1a807502L,planet.acid.large,lbm/aci__big.ani
PLANET10_MED_MASK_PMAP_ANIM,0x1a807602L,planet.acid.medium,lbm/aci__med.ani
PLANET10_SML_MASK_PMAP_ANIM,0x1a807702L,planet.acid.small,lbm/aci__sml.ani
PLANET11_BIG_MASK_PMAP_ANIM,0x1aa07802L,planet.alkali.large,lbm/alk__big.ani
PLANET11_MED_MASK_PMAP_ANIM,0x1aa07902L,planet.alkali.medium,lbm/alk__med.ani
PLANET11_SML_MASK_PMAP_ANIM,0x1aa07a02L,planet.alkali.small,lbm/alk__sml.ani
PLANET12_BIG_MASK_PMAP_ANIM,0x1ac07b02L,planet.halide.large,lbm/hal__big.ani
PLANET12_MED_MASK_PMAP_ANIM,0x1ac07c02L,planet.halide.medium,lbm/hal__med.ani
PLANET12_SML_MASK_PMAP_ANIM,0x1ac07d02L,planet.halide.small,lbm/hal__sml.ani
PLANET13_BIG_MASK_PMAP_ANIM,0x1ae07e02L,planet.green.large,lbm/gre__big.ani
PLANET13_MED_MASK_PMAP_ANIM,0x1ae07f02L,planet.green.medium,lbm/gre__med.ani
PLANET13_SML_MASK_PMAP_ANIM,0x1ae08002L,planet.green.small,lbm/gre__sml.ani
PLANET14_BIG_MASK_PMAP_ANIM,0x1b008102L,planet.copper.large,lbm/cop__big.ani
PLANET14_MED_MASK_PMAP_ANIM,0x1b008202L,planet.copper.medium,lbm/cop__med.ani
PLANET14_SML_MASK_PMAP_ANIM,0x1b008302L,planet.copper.small,lbm/cop__sml.ani
PLANET15_BIG_MASK_PMAP_ANIM,0x1b208402L,planet.carbide.large,lbm/car__big.ani
PLANET15_MED_MASK_PMAP_ANIM,0x1b208502L,planet.carbide.medium,lbm/car__med.ani
PLANET15_SML_MASK_PMAP_ANIM,0x1b208602L,planet.carbide.small,lbm/car__sml.ani
PLANET16_BIG_MASK_PMAP_ANIM,0x1b408702L,planet.ultramarine.large,lbm/ult__big.ani
PLANET16_MED_MASK_PMAP_ANIM,0x1b408802L,planet.ultramarine.medium,lbm/ult__med.ani
PLANET16_SML_MASK_PMAP_ANIM,0x1b408902L,planet.ultramarine.small,lbm/ult__sml.ani
PLANET17_BIG_MASK_PMAP_ANIM,0x1b608a02L,planet.noble.large,lbm/nob__big.ani
PLANET17_MED_MASK_PMAP_ANIM,0x1b608b02L,planet.noble.medium,lbm/nob__med.ani
PLANET17_SML_MASK_PMAP_ANIM,0x1b608c02L,planet.noble.small,lbm/nob__sml.ani
PLANET18_BIG_MASK_PMAP_ANIM,0x1b808d02L,planet.azure.large,lbm/azu__big.ani
PLANET18_MED_MASK_PMAP_ANIM,0x1b808e02L,planet.azure.medium,lbm/azu__med.ani
PLANET18_SML_MASK_PMAP_ANIM,0x1b808f02L,planet.azure.small,lbm/azu__sml.ani
PLANET19_BIG_MASK_PMAP_ANIM,0x1ba09002L,planet.chondrite.large,lbm/cho__big.ani
PLANET19_MED_MASK_PMAP_ANIM,0x1ba09102L,planet.chondrite.medium,lbm/cho__med.ani
PLANET19_SML_MASK_PMAP_ANIM,0x1ba09202L,planet.chondrite.small,lbm/cho__sml.ani
PLANET20_BIG_MASK_PMAP_ANIM,0x1bc09302L,planet.purple.large,lbm/pur__big.ani
PLANET20_MED_MASK_PMAP_ANIM,0x1bc09402L,planet.purple.medium,lbm/pur__med.ani
PLANET20_SML_MASK_PMAP_ANIM,0x1bc09502L,planet.purple.small,lbm/pur__sml.ani
PLANET21_BIG_MASK_PMAP_ANIM,0x1be09602L,planet.superdense.large,lbm/sup__big.ani
PLANET21_MED_MASK_PMAP_ANIM,0x1be09702L,planet.superdense.medium,lbm/sup__med.ani
PLANET21_SML_MASK_PMAP_ANIM,0x1be09802L,planet.superdense.small,lbm/sup__sml.ani
PLANET22_BIG_MASK_PMAP_ANIM,0x1c009902L,planet.pellucid.large,lbm/pel__big.ani
PLANET22_MED_MASK_PMAP_ANIM,0x1c009a02L,planet.pellucid.medium,lbm/pel__med.ani
PLANET22_SML_MASK_PMAP_ANIM,0x1c009b02L,planet.pellucid.small,lbm/pel__sml.ani
PLANET23_BIG_MASK_PMAP_ANIM,0x1c209c02L,planet.dust.large,lbm/dus__big.ani
PLANET23_MED_MASK_PMAP_ANIM,0x1c209d02L,planet.dust.medium,lbm/dus__med.ani
PLANET23_SML_MASK_PMAP_ANIM,0x1c209e02L,planet.dust.small,lbm/dus__sml.ani
PLANET24_BIG_MASK_PMAP_ANIM,0x1c409f02L,planet.crimson.large,lbm/mar__big.ani
PLANET24_MED_MASK_PMAP_ANIM,0x1c40a002L,planet.crimson.medium,lbm/mar__med.ani
PLANET24_SML_MASK_PMAP_ANIM,0x1c40a102L,planet.crimson.small,lbm/mar__sml.ani
PLANET25_BIG_MASK_PMAP_ANIM,0x1c60a202L,planet.cimmerian.large,lbm/cim__big.ani
PLANET25_MED_MASK_PMAP_ANIM,0x1c60a302L,planet.cimmerian.medium,lbm/cim__med.ani
PLANET25_SML_MASK_PMAP_ANIM,0x1c60a402L,planet.cimmerian.small,lbm/cim__sml.ani
PLANET26_BIG_MASK_PMAP_ANIM,0x1c80a502L,planet.infrared.large,lbm/inf__big.ani
PLANET26_MED_MASK_PMAP_ANIM,0x1c80a602L,planet.infrared.medium,lbm/inf__med.ani
PLANET26_SML_MASK_PMAP_ANIM,0x1c80a702L,planet.infrared.small,lbm/inf__sml.ani
PLANET27_BIG_MASK_PMAP_ANIM,0x1ca0a802L,planet.selenic.large,lbm/sel__big.ani
PLANET27_MED_MASK_PMAP_ANIM,0x1ca0a902L,planet.selenic.medium,lbm/sel__med.ani
PLANET27_SML_MASK_PMAP_ANIM,0x1ca0aa02L,planet.selenic.small,lbm/sel__sml.ani
PLANET28_BIG_MASK_PMAP_ANIM,0x1cc0ab02L,planet.auric.large,lbm/aur__big.ani
PLANET28_MED_MASK_PMAP_ANIM,0x1cc0ac02L,planet.auric.medium,lbm/aur__med.ani
PLANET28_SML_MASK_PMAP_ANIM,0x1cc0ad02L,planet.auric.small,lbm/aur__sml.ani
PLANET29_BIG_MASK_PMAP_ANIM,0x1ce0ae02L,planet.fluorescent.large,lbm/flu__big.ani
PLANET29_MED_MASK_PMAP_ANIM,0x1ce0af02L,planet.fluorescent.medium,lbm/flu__med.ani
PLANET29_SML_MASK_PMAP_ANIM,0x1ce0b002L,planet.fluorescent.small,lbm/flu__sml.ani
PLANET30_BIG_MASK_PMAP_ANIM,0x1d00b102L,planet.ultraviolet.large,lbm/ult__big.ani
PLANET30_MED_MASK_PMAP_ANIM,0x1d00b202L,planet.ultraviolet.medium,lbm/ult__med.ani
PLANET30_SML_MASK_PMAP_ANIM,0x1d00b302L,planet.ultraviolet.small,lbm/ult__sml.ani
PLANET31_BIG_MASK_PMAP_ANIM,0x1d20b402L,planet.plutonic.large,lbm/plu__big.ani
PLANET31_MED_MASK_PMAP_ANIM,0x1d20b502L,planet.plutonic.medium,lbm/plu__med.ani
PLANET31_SML_MASK_PMAP_ANIM,0x1d20b602L,planet.plutonic.small,lbm/plu__sml.ani
PLANET32_BIG_MASK_PMAP_ANIM,0x1d40b702L,planet.rainbow.large,lbm/rai__big.ani
PLANET32_MED_MASK_PMAP_ANIM,0x1d40b802L,planet.rainbow.medium,lbm/rai__med.ani
PLANET32_SML_MASK_PMAP_ANIM,0x1d40b902L,planet.rainbow.small,lbm/rai__sml.ani
PLANET33_BIG_MASK_PMAP_ANIM,0x1d60ba02L,planet.shattered.large,lbm/cra__big.ani
PLANET33_MED_MASK_PMAP_ANIM,0x1d60bb02L,planet.shattered.medium,lbm/cra__med.ani
PLANET33_SML_MASK_PMAP_ANIM,0x1d60bc02L,planet.shattered.small,lbm/cra__sml.ani
PLANET34_BIG_MASK_PMAP_ANIM,0x1d80bd02L,planet.sapphire.large,lbm/sap__big.ani
PLANET34_MED_MASK_PMAP_ANIM,0x1d80be02L,planet.sapphire.medium,lbm/sap__med.ani
PLANET34_SML_MASK_PMAP_ANIM,0x1d80bf02L,planet.sapphire.small,lbm/sap__sml.ani
PLANET35_BIG_MASK_PMAP_ANIM,0x1da0c002L,planet.organic.large,lbm/org__big.ani
PLANET35_MED_MASK_PMAP_ANIM,0x1da0c102L,planet.organic.medium,lbm/org__med.ani
PLANET35_SML_MASK_PMAP_ANIM,0x1da0c202L,planet.organic.small,lbm/org__sml.ani
PLANET36_BIG_MASK_PMAP_ANIM,0x1dc0c302L,planet.xenolithic.large,lbm/xen__big.ani
PLANET36_MED_MASK_PMAP_ANIM,0x1dc0c402L,planet.xenolithic.medium,lbm/xen__med.ani
PLANET36_SML_MASK_PMAP_ANIM,0x1dc0c502L,planet.xenolithic.small,lbm/xen__sml.ani
PLANET37_BIG_MASK_PMAP_ANIM,0x1de0c602L,planet.redux.large,lbm/red__big.ani
PLANET37_MED_MASK_PMAP_ANIM,0x1de0c702L,planet.redux.medium,lbm/red__med.ani
PLANET37_SML_MASK_PMAP_ANIM,0x1de0c802L,planet.redux.small,lbm/red__sml.ani
PLANET38_BIG_MASK_PMAP_ANIM,0x1e00c902L,planet.primordial.large,lbm/pri__big.ani
PLANET38_MED_MASK_PMAP_ANIM,0x1e00ca02L,planet.primordial.medium,lbm/pri__med.ani
PLANET38_SML_MASK_PMAP_ANIM,0x1e00cb02L,planet.primordial.small,lbm/pri__sml.ani
PLANET39_BIG_MASK_PMAP_ANIM,0x1e20cc02L,planet.emerald.large,lbm/eme__big.ani
PLANET39_MED_MASK_PMAP_ANIM,0x1e20cd02L,planet.emerald.medium,lbm/eme__med.ani
PLANET39_SML_MASK_PMAP_ANIM,0x1e20ce02L,planet.emerald.small,lbm/eme__sml.ani
PLANET40_BIG_MASK_PMAP_ANIM,0x1e40cf02L,planet.chlorine.large,lbm/chl__big.ani
PLANET40_MED_MASK_PMAP_ANIM,0x1e40d002L,planet.chlorine.medium,lbm/chl__med.ani
PLANET40_SML_MASK_PMAP_ANIM,0x1e40d102L,planet.chlorine.small,lbm/chl__sml.ani
PLANET41_BIG_MASK_PMAP_ANIM,0x1e60d202L,planet.magnetic.large,lbm/mgn__big.ani
PLANET41_MED_MASK_PMAP_ANIM,0x1e60d302L,planet.magnetic.medium,lbm/mgn__med.ani
PLANET41_SML_MASK_PMAP_ANIM,0x1e60d402L,planet.magnetic.small,lbm/mgn__sml.ani
PLANET42_BIG_MASK_PMAP_ANIM,0x1e80d502L,planet.water.large,lbm/wat__big.ani
PLANET42_MED_MASK_PMAP_ANIM,0x1e80d602L,planet.water.medium,lbm/wat__med.ani
PLANET42_SML_MASK_PMAP_ANIM,0x1e80d702L,planet.water.small,lbm/wat__sml.ani
PLANET43_BIG_MASK_PMAP_ANIM,0x1ea0d802L,planet.telluric.large,lbm/tel__big.ani
PLANET43_MED_MASK_PMAP_ANIM,0x1ea0d902L,planet.telluric.medium,lbm/tel__med.ani
PLANET43_SML_MASK_PMAP_ANIM,0x1ea0da02L,planet.telluric.small,lbm/tel__sml.ani
PLANET44_BIG_MASK_PMAP_ANIM,0x1ec0db02L,planet.hydrocarbon.large,lbm/hyd__big.ani
PLANET44_MED_MASK_PMAP_ANIM,0x1ec0dc02L,planet.hydrocarbon.medium,lbm/hyd__med.ani
PLANET44_SML_MASK_PMAP_ANIM,0x1ec0dd02L,planet.hydrocarbon.small,lbm/hyd__sml.ani
PLANET45_BIG_MASK_PMAP_ANIM,0x1ee0de02L,planet.iodine.large,lbm/iod__big.ani
PLANET45_MED_MASK_PMAP_ANIM,0x1ee0df02L,planet.iodine.medium,lbm/iod__med.ani
PLANET45_SML_MASK_PMAP_ANIM,0x1ee0e002L,planet.iodine.small,lbm/iod__sml.ani
PLANET46_BIG_MASK_PMAP_ANIM,0x1f00e102L,planet.vinylogous.large,lbm/vin__big.ani
PLANET46_MED_MASK_PMAP_ANIM,0x1f00e202L,planet.vinylogous.medium,lbm/vin__med.ani
PLANET46_SML_MASK_PMAP_ANIM,0x1f00e302L,planet.vinylogous.small,lbm/vin__sml.ani
PLANET47_BIG_MASK_PMAP_ANIM,0x1f20e402L,planet.ruby.large,lbm/rub__big.ani
PLANET47_MED_MASK_PMAP_ANIM,0x1f20e502L,planet.ruby.medium,lbm/rub__med.ani
PLANET47_SML_MASK_PMAP_ANIM,0x1f20e602L,planet.ruby.small,lbm/rub__sml.ani
PLANET48_BIG_MASK_PMAP_ANIM,0x1f40e702L,planet.magma.large,lbm/mgm__big.ani
PLANET48_MED_MASK_PMAP_ANIM,0x1f40e802L,planet.magma.medium,lbm/mgm__med.ani
PLANET48_SML_MASK_PMAP_ANIM,0x1f40e902L,planet.magma.small,lbm/mgm__sml.ani
PLANET49_BIG_MASK_PMAP_ANIM,0x1f60ea02L,planet.maroon.large,lbm/cri__big.ani
PLANET49_MED_MASK_PMAP_ANIM,0x1f60eb02L,planet.maroon.medium,lbm/cri__med.ani
PLANET49_SML_MASK_PMAP_ANIM,0x1f60ec02L,planet.maroon.small,lbm/cri__sml.ani
PLANET50_BIG_MASK_PMAP_ANIM,0x1f80ed02L,planet.bluegas.large,lbm/blg__big.ani
PLANET50_MED_MASK_PMAP_ANIM,0x1f80ee02L,planet.bluegas.medium,lbm/blg__med.ani
PLANET50_SML_MASK_PMAP_ANIM,0x1f80ef02L,planet.bluegas.small,lbm/blg__sml.ani
PLANET51_BIG_MASK_PMAP_ANIM,0x1fa0f002L,planet.cyangas.large,lbm/cyg__big.ani
PLANET51_MED_MASK_PMAP_ANIM,0x1fa0f102L,planet.cyangas.medium,lbm/cyg__med.ani
PLANET51_SML_MASK_PMAP_ANIM,0x1fa0f202L,planet.cyangas.small,lbm/cyg__sml.ani
PLANET52_BIG_MASK_PMAP_ANIM,0x1fc0f302L,planet.greengas.large,lbm/gng__big.ani
PLANET52_MED_MASK_PMAP_ANIM,0x1fc0f402L,planet.greengas.medium,lbm/gng__med.ani
PLANET52_SML_MASK_PMAP_ANIM,0x1fc0f502L,planet.greengas.small,lbm/gng__sml.ani
PLANET53_BIG_MASK_PMAP_ANIM,0x1fe0f602L,planet.greygas.large,lbm/gyg__big.ani
PLANET53_MED_MASK_PMAP_ANIM,0x1fe0f702L,planet.greygas.medium,lbm/gyg__med.ani
PLANET53_SML_MASK_PMAP_ANIM,0x1fe0f802L,planet.greygas.small,lbm/gyg__sml.ani
PLANET54_BIG_MASK_PMAP_ANIM,0x2000f902L,planet.orangegas.large,lbm/org__big.ani
PLANET54_MED_MASK_PMAP_ANIM,0x2000fa02L,planet.orangegas.medium,lbm/org__med.ani
PLANET54_SML_MASK_PMAP_ANIM,0x2000fb02L,planet.orangegas.small,lbm/org__sml.ani
PLANET55_BIG_MASK_PMAP_ANIM,0x2020fc02L,planet.purplegas.large,lbm/pug__big.ani
PLANET55_MED_MASK_PMAP_ANIM,0x2020fd02L,planet.purplegas.medium,lbm/pug__med.ani
PLANET55_SML_MASK_PMAP_ANIM,0x2020fe02L,planet.purplegas.small,lbm/pug__sml.ani
PLANET56_BIG_MASK_PMAP_ANIM,0x2040ff02L,planet.redgas.large,lbm/reg__big.ani
PLANET56_MED_MASK_PMAP_ANIM,0x20410002L,planet.redgas.medium,lbm/reg__med.ani
PLANET56_SML_MASK_PMAP_ANIM,0x20410102L,planet.redgas.small,lbm/reg__sml.ani
PLANET57_BIG_MASK_PMAP_ANIM,0x20610202L,planet.violetgas.large,lbm/vig__big.ani
PLANET57_MED_MASK_PMAP_ANIM,0x20610302L,planet.violetgas.medium,lbm/vig__med.ani
PLANET57_SML_MASK_PMAP_ANIM,0x20610402L,planet.violetgas.small,lbm/vig__sml.ani
PLANET58_BIG_MASK_PMAP_ANIM,0x20810502L,planet.yellowgas.large,lbm/yeg__big.ani
PLANET58_MED_MASK_PMAP_ANIM,0x20810602L,planet.yellowgas.medium,lbm/yeg__med.ani
PLANET58_SML_MASK_PMAP_ANIM,0x20810702L,planet.yellowgas.small,lbm/yeg__sml.ani
CREDITS_BACK_ANIM,0x20c10802L,credits.background,credits/credback.ani
SISSKEL_MASK_PMAP_ANIM,0x23611c02L,graphics.sisskeleton,slides/ending/sis_skel.ani
ORBENTER_PMAP_ANIM,0x23811d02L,graphics.orbenter,ipanims/orbenter.ani
MENUBKG_PMAP_ANIM,0x23a11e02L,graphics.setupmenu,lbm/setupmenu.ani
FONTGRAD_PMAP_ANIM,0x03e11f02L,graphics.fontgrad,lbm/fontgrad.ani
LANDER_FONTEFF_PMAP_ANIM,0x11412002L,graphics.landfeff,ipanims/landfeff.ani
HYPERSPACE_MUSIC,0x04c00006L,music.hyper,lbm/hyper.mod
QUASISPACE_MUSIC,0x04e00106L,music.arispace,lbm/arispace.mod
IP_MUSIC,0x13e00206L,music.space,ipanims/space.mod
ORBIT1_MUSIC,0x14000306L,music.orbit1,ipanims/orbit.mod
ORBIT2_MUSIC,0x14000406L,music.orbit2,ipanims/orbit.mod
ORBIT3_MUSIC,0x14000506L,music.orbit3,ipanims/orbit.mod
ORBIT4_MUSIC,0x14000606L,music.orbit4,ipanims/orbit.mod
ORBIT5_MUSIC,0x14000706L,music.orbit5,ipanims/orbit.mod
REDALERT_MUSIC,0x14600806L,music.redalert,lbm/redalert.mod
OUTFIT_MUSIC,0x18800906L,music.outfit,lbm/outfit.mod
SHIPYARD_MUSIC,0x18c00a06L,music.shipyard,lbm/shipyard.mod
STARBASE_MUSIC,0x18e00b06L,music.starbase,lbm/starbase.mod
BATTLE_MUSIC,0x20a00c06L,music.battle,lbm/battle.mod
CREDITS_MUSIC,0x23400d06L,music.credits,--
MELEE_MUSIC,0x14200e06L,music.meleemenu,--
MAINMENU_MUSIC,0x18200f06L,music.mainmenu,--
ARILOU_SHIP_INDEX,0x00600007L,ship.arilou.resources,arilou.ls2
CHMMR_SHIP_INDEX,0x00800107L,ship.chmmr.resources,chmmr.ls2
EARTHLING_SHIP_INDEX,0x00a00207L,ship.earthling.resources,human.ls2
ORZ_SHIP_INDEX,0x00c00307L,ship.orz.resources,orz.ls2
PKUNK_SHIP_INDEX,0x00e00407L,ship.pkunk.resources,pkunk.ls2
SHOFIXTI_SHIP_INDEX,0x01000507L,ship.shofixti.resources,shofixti.ls2
SPATHI_SHIP_INDEX,0x01200607L,ship.spathi.resources,spathi.ls2
SUPOX_SHIP_INDEX,0x01400707L,ship.supox.resources,supox.ls2
THRADD_SHIP_INDEX,0x01600807L,ship.thraddash.resources,thradd.ls2
UTWIG_SHIP_INDEX,0x01800907L,ship.utwig.resources,utwig.ls2
VUX_SHIP_INDEX,0x01a00a07L,ship.vux.resources,vux.ls2
YEHAT_SHIP_INDEX,0x01c00b07L,ship.yehat.resources,yehat.ls2
MELNORME_SHIP_INDEX,0x01e00c07L,ship.melnorme.resources,melnorme.ls2
DRUUGE_SHIP_INDEX,0x02000d07L,ship.druuge.resources,druuge.ls2
ILWRATH_SHIP_INDEX,0x02200e07L,ship.ilwrath.resources,ilwrath.ls2
MYCON_SHIP_INDEX,0x02400f07L,ship.mycon.resources,mycon.ls2
SLYLANDRO_SHIP_INDEX,0x02601007L,ship.slylandro.resources,slylandr.ls2
UMGAH_SHIP_INDEX,0x02801107L,ship.umgah.resources,umgah.ls2
URQUAN_SHIP_INDEX,0x02a01207L,ship.urquan.resources,urquan.ls2
ZOQFOTPIK_SHIP_INDEX,0x02c01307L,ship.zoqfotpik.resources,zoqfot.ls2
SYREEN_SHIP_INDEX,0x02e01407L,ship.syreen.resources,syreen.ls2
BLACKURQ_SHIP_INDEX,0x03001507L,ship.kohrah.resources,blackurq.ls2
ANDROSYN_SHIP_INDEX,0x03201607L,ship.androsynth.resources,androsyn.ls2
CHENJESU_SHIP_INDEX,0x03401707L,ship.chenjesu.resources,chenjesu.ls2
MMRNMHRM_SHIP_INDEX,0x03601807L,ship.mmrnmhrm.resources,mmrnmhrm.ls2
ARILOU_CONVERSATION,0x14a01907L,comm.arilou.resources,comm/arilou.ls2
CHMMR_CONVERSATION,0x14c01a07L,comm.chmmr.resources,comm/chmmr.ls2
COMMANDER_CONVERSATION,0x14e01b07L,comm.commander.resources,comm/comandr.ls2
ORZ_CONVERSATION,0x15001c07L,comm.orz.resources,comm/orz.ls2
PKUNK_CONVERSATION,0x15201d07L,comm.pkunk.resources,comm/pkunk.ls2
SHOFIXTI_CONVERSATION,0x15401e07L,comm.shofixti.resources,comm/shofixt.ls2
SPATHI_CONVERSATION,0x15601f07L,comm.spathi.resources,comm/spathi.ls2
SUPOX_CONVERSATION,0x15802007L,comm.supox.resources,comm/supox.ls2
THRADD_CONVERSATION,0x15a02107L,comm.thraddash.resources,comm/thradd.ls2
UTWIG_CONVERSATION,0x15c02207L,comm.utwig.resources,comm/utwig.ls2
VUX_CONVERSATION,0x15e02307L,comm.vux.resources,comm/vux.ls2
YEHAT_CONVERSATION,0x16002407L,comm.yehat.resources,comm/yehat.ls2
MELNORME_CONVERSATION,0x16202507L,comm.melnorme.resources,comm/melnorm.ls2
DRUUGE_CONVERSATION,0x16402607L,comm.druuge.resources,comm/druuge.ls2
ILWRATH_CONVERSATION,0x16602707L,comm.ilwrath.resources,comm/ilwrath.ls2
MYCON_CONVERSATION,0x16802807L,comm.mycon.resources,comm/mycon.ls2
SLYLANDRO_CONVERSATION,0x16a02907L,comm.slylandro.resources,comm/slyland.ls2
UMGAH_CONVERSATION,0x16c02a07L,comm.umgah.resources,comm/umgah.ls2
URQUAN_CONVERSATION,0x16e02b07L,comm.urquan.resources,comm/urquan.ls2
ZOQFOTPIK_CONVERSATION,0x17002c07L,comm.zoqfotpik.resources,comm/zoqfot.ls2
SYREEN_CONVERSATION,0x17202d07L,comm.syreen.resources,comm/syreen.ls2
BLACKURQ_CONVERSATION,0x17402e07L,comm.kohrah.resources,comm/blackur.ls2
TALKING_PET_CONVERSATION,0x17602f07L,comm.talkingpet.resources,comm/talkpet.ls2
SLYLANDRO_HOME_CONVERSATION,0x17803007L,comm.slyhome.resources,comm/slyhome.ls2
SIS_RES_INDEX,0x17c03107L,ship.sis_ship.resources,sis_ship.ls2
SAMATRA_RES_INDEX,0x17e03207L,ship.lastbat.resources,lastbat.ls2
PROBE_RES_INDEX,0x18003307L,ship.probe.resources,probe.ls2
MENU_SOUNDS,0x04000005L,sounds.menu,lbm/menusnd.snd
GAME_SOUNDS,0x04200105L,sounds.game,lbm/gamesnd.snd
LANDER_SOUNDS,0x05400205L,sounds.landsnds,ipanims/landsnds.snd
STARCON_COLOR_MAP,0x00200004L,colortable.scclrtab,lbm/scclrtab.ct
STARCON_GAME_STRINGS,0x03800104L,text.starcon,lbm/starcon.txt
HYPER_COLOR_TAB,0x04800204L,colortable.hyperpal,lbm/hyperpal.ct
ARISPACE_COLOR_TAB,0x04a00304L,colortable.arispace,lbm/arispace.ct
ORBPLAN_COLOR_MAP,0x05200404L,colortable.orbplan,ipanims/orbplan.ct
OOLITE_COLOR_TAB,0x09000504L,planet.oolite.colortable,ipanims/str_cts_.ct
OOLITE_XLAT_TAB,0x09000604L,planet.oolite.translatetable,ipanims/mtl2xlts.xlt
YTTRIC_COLOR_TAB,0x09200504L,planet.yttric.colortable,ipanims/wr1_cts_.ct
YTTRIC_XLAT_TAB,0x09200604L,planet.yttric.translatetable,ipanims/rst_xlts.xlt
QUASI_DEGENERATE_COLOR_TAB,0x09400504L,planet.quasidegenerate.colortable,ipanims/co2_cts_.ct
QUASI_DEGENERATE_XLAT_TAB,0x09400604L,planet.quasidegenerate.translatetable,ipanims/bnd_xlts.xlt
LANTHANIDE_COLOR_TAB,0x09600504L,planet.lanthanide.colortable,ipanims/ylgscts_.ct
LANTHANIDE_XLAT_TAB,0x09600604L,planet.lanthanide.translatetable,ipanims/rst_xlts.xlt
TREASURE_COLOR_TAB,0x09800504L,planet.treasure.colortable,ipanims/lll_cts_.ct
TREASURE_XLAT_TAB,0x09800604L,planet.treasure.translatetable,ipanims/bnd_xlts.xlt
UREA_COLOR_TAB,0x09a00504L,planet.urea.colortable,ipanims/ylgscts_.ct
UREA_XLAT_TAB,0x09a00604L,planet.urea.translatetable,ipanims/den_xlts.xlt
METAL_COLOR_TAB,0x09c00504L,planet.metal.colortable,ipanims/mtl_cts_.ct
METAL_XLAT_TAB,0x09c00604L,planet.metal.translatetable,ipanims/mtl1xlts.xlt
RADIOACTIVE_COLOR_TAB,0x09e00504L,planet.radioactive.colortable,ipanims/rrr_cts_.ct
RADIOACTIVE_XLAT_TAB,0x09e00604L,planet.radioactive.translatetable,ipanims/rst_xlts.xlt
OPALESCENT_COLOR_TAB,0x0a000504L,planet.opalescent.colortable,ipanims/ice_cts_.ct
OPALESCENT_XLAT_TAB,0x0a000604L,planet.opalescent.translatetable,ipanims/ice_xlts.xlt
CYANIC_COLOR_TAB,0x0a200504L,planet.cyanic.colortable,ipanims/qqq_cts_.ct
CYANIC_XLAT_TAB,0x0a200604L,planet.cyanic.translatetable,ipanims/bnd_xlts.xlt
ACID_COLOR_TAB,0x0a400504L,planet.acid.colortable,ipanims/rst_cts_.ct
ACID_XLAT_TAB,0x0a400604L,planet.acid.translatetable,ipanims/rst_xlts.xlt
ALKALI_COLOR_TAB,0x0a600504L,planet.alkali.colortable,ipanims/bnd_cts_.ct
ALKALI_XLAT_TAB,0x0a600604L,planet.alkali.translatetable,ipanims/rst_xlts.xlt
HALIDE_COLOR_TAB,0x0a800504L,planet.halide.colortable,ipanims/rdx_cts_.ct
HALIDE_XLAT_TAB,0x0a800604L,planet.halide.translatetable,ipanims/rst_xlts.xlt
GREEN_COLOR_TAB,0x0aa00504L,planet.green.colortable,ipanims/nnn_cts_.ct
GREEN_XLAT_TAB,0x0aa00604L,planet.green.translatetable,ipanims/den_xlts.xlt
COPPER_COLOR_TAB,0x0ac00504L,planet.copper.colortable,ipanims/qqq_cts_.ct
COPPER_XLAT_TAB,0x0ac00604L,planet.copper.translatetable,ipanims/bnd_xlts.xlt
CARBIDE_COLOR_TAB,0x0ae00504L,planet.carbide.colortable,ipanims/rrr_cts_.ct
CARBIDE_XLAT_TAB,0x0ae00604L,planet.carbide.translatetable,ipanims/ice_xlts.xlt
ULTRAMARINE_COLOR_TAB,0x0b000504L,planet.ultramarine.colortable,ipanims/den_cts_.ct
ULTRAMARINE_XLAT_TAB,0x0b000604L,planet.ultramarine.translatetable,ipanims/den_xlts.xlt
NOBLE_COLOR_TAB,0x0b200504L,planet.noble.colortable,ipanims/blgscts_.ct
NOBLE_XLAT_TAB,0x0b200604L,planet.noble.translatetable,ipanims/rst_xlts.xlt
AZURE_COLOR_TAB,0x0b400504L,planet.azure.colortable,ipanims/www_cts_.ct
AZURE_XLAT_TAB,0x0b400604L,planet.azure.translatetable,ipanims/den_xlts.xlt
CHONDRITE_COLOR_TAB,0x0b600504L,planet.chondrite.colortable,ipanims/grv_cts_.ct
CHONDRITE_XLAT_TAB,0x0b600604L,planet.chondrite.translatetable,ipanims/grv_xlts.xlt
PURPLE_COLOR_TAB,0x0b800504L,planet.purple.colortable,ipanims/vigscts_.ct
PURPLE_XLAT_TAB,0x0b800604L,planet.purple.translatetable,ipanims/den_xlts.xlt
SUPER_DENSE_COLOR_TAB,0x0ba00504L,planet.superdense.colortable,ipanims/kkk_cts_.ct
SUPER_DENSE_XLAT_TAB,0x0ba00604L,planet.superdense.translatetable,ipanims/bnd_xlts.xlt
PELLUCID_COLOR_TAB,0x0bc00504L,planet.pellucid.colortable,ipanims/prgscts_.ct
PELLUCID_XLAT_TAB,0x0bc00604L,planet.pellucid.translatetable,ipanims/ice_xlts.xlt
DUST_COLOR_TAB,0x0be00504L,planet.dust.colortable,ipanims/dst_cts_.ct
DUST_XLAT_TAB,0x0be00604L,planet.dust.translatetable,ipanims/rst_xlts.xlt
CRIMSON_COLOR_TAB,0x0c000504L,planet.crimson.colortable,ipanims/dst_cts_.ct
CRIMSON_XLAT_TAB,0x0c000604L,planet.crimson.translatetable,ipanims/den_xlts.xlt
CIMMERIAN_COLOR_TAB,0x0c200504L,planet.cimmerian.colortable,ipanims/jjj_cts_.ct
CIMMERIAN_XLAT_TAB,0x0c200604L,planet.cimmerian.translatetable,ipanims/bnd_xlts.xlt
INFRARED_COLOR_TAB,0x0c400504L,planet.infrared.colortable,ipanims/dst_cts_.ct
INFRARED_XLAT_TAB,0x0c400604L,planet.infrared.translatetable,ipanims/ice_xlts.xlt
SELENIC_COLOR_TAB,0x0c600504L,planet.selenic.colortable,ipanims/lit_cts_.ct
SELENIC_XLAT_TAB,0x0c600604L,planet.selenic.translatetable,ipanims/den_xlts.xlt
AURIC_COLOR_TAB,0x0c800504L,planet.auric.colortable,ipanims/ylgscts_.ct
AURIC_XLAT_TAB,0x0c800604L,planet.auric.translatetable,ipanims/bnd_xlts.xlt
FLUORESCENT_COLOR_TAB,0x0ca00504L,planet.fluorescent.colortable,ipanims/vigscts_.ct
FLUORESCENT_XLAT_TAB,0x0ca00604L,planet.fluorescent.translatetable,ipanims/ice_xlts.xlt
ULTRAVIOLET_COLOR_TAB,0x0cc00504L,planet.ultraviolet.colortable,ipanims/vigscts_.ct
ULTRAVIOLET_XLAT_TAB,0x0cc00604L,planet.ultraviolet.translatetable,ipanims/rst_xlts.xlt
PLUTONIC_COLOR_TAB,0x0ce00504L,planet.plutonic.colortable,ipanims/orgscts_.ct
PLUTONIC_XLAT_TAB,0x0ce00604L,planet.plutonic.translatetable,ipanims/rst_xlts.xlt
RAINBOW_COLOR_TAB,0x0d000504L,planet.rainbow.colortable,ipanims/rai_cts_.ct
RAINBOW_XLAT_TAB,0x0d000604L,planet.rainbow.translatetable,ipanims/rai_xlts.xlt
SHATTERED_COLOR_TAB,0x0d200504L,planet.shattered.colortable,ipanims/hel_cts_.ct
SHATTERED_XLAT_TAB,0x0d200604L,planet.shattered.translatetable,ipanims/hel_xlts.xlt
SAPPHIRE_COLOR_TAB,0x0d400504L,planet.sapphire.colortable,ipanims/cry_cts_.ct
SAPPHIRE_XLAT_TAB,0x0d400604L,planet.sapphire.translatetable,ipanims/cry_xlts.xlt
ORGANIC_COLOR_TAB,0x0d600504L,planet.organic.colortable,ipanims/bnd_cts_.ct
ORGANIC_XLAT_TAB,0x0d600604L,planet.organic.translatetable,ipanims/bnd_xlts.xlt
XENOLITHIC_COLOR_TAB,0x0d800504L,planet.xenolithic.colortable,ipanims/cygscts_.ct
XENOLITHIC_XLAT_TAB,0x0d800604L,planet.xenolithic.translatetable,ipanims/ice_xlts.xlt
REDUX_COLOR_TAB,0x0da00504L,planet.redux.colortable,ipanims/rdx_cts_.ct
REDUX_XLAT_TAB,0x0da00604L,planet.redux.translatetable,ipanims/rdx1xlts.xlt
PRIMORDIAL_COLOR_TAB,0x0dc00504L,planet.primordial.colortable,ipanims/co2_cts_.ct
PRIMORDIAL_XLAT_TAB,0x0dc00604L,planet.primordial.translatetable,ipanims/rst_xlts.xlt
EMERALD_COLOR_TAB,0x0de00504L,planet.emerald.colortable,ipanims/eme_cts_.ct
EMERALD_XLAT_TAB,0x0de00604L,planet.emerald.translatetable,ipanims/cry_xlts.xlt
CHLORINE_COLOR_TAB,0x0e000504L,planet.chlorine.colortable,ipanims/rst_cts_.ct
CHLORINE_XLAT_TAB,0x0e000604L,planet.chlorine.translatetable,ipanims/h2o_xlts.xlt
MAGNETIC_COLOR_TAB,0x0e200504L,planet.magnetic.colortable,ipanims/rdx_cts_.ct
MAGNETIC_XLAT_TAB,0x0e200604L,planet.magnetic.translatetable,ipanims/ice_xlts.xlt
WATER_COLOR_TAB,0x0e400504L,planet.water.colortable,ipanims/h2o_cts_.ct
WATER_XLAT_TAB,0x0e400604L,planet.water.translatetable,ipanims/h2o_xlts.xlt
TELLURIC_COLOR_TAB,0x0e600504L,planet.telluric.colortable,ipanims/h2o_cts_.ct
TELLURIC_XLAT_TAB,0x0e600604L,planet.telluric.translatetable,ipanims/rst_xlts.xlt
HYDROCARBON_COLOR_TAB,0x0e800504L,planet.hydrocarbon.colortable,ipanims/www_cts_.ct
HYDROCARBON_XLAT_TAB,0x0e800604L,planet.hydrocarbon.translatetable,ipanims/bnd_xlts.xlt
IODINE_COLOR_TAB,0x0ea00504L,planet.iodine.colortable,ipanims/co2_cts_.ct
IODINE_XLAT_TAB,0x0ea00604L,planet.iodine.translatetable,ipanims/den_xlts.xlt
VINYLOGOUS_COLOR_TAB,0x0ec00504L,planet.vinylogous.colortable,ipanims/wr1_cts_.ct
VINYLOGOUS_XLAT_TAB,0x0ec00604L,planet.vinylogous.translatetable,ipanims/ice_xlts.xlt
RUBY_COLOR_TAB,0x0ee00504L,planet.ruby.colortable,ipanims/rub_cts_.ct
RUBY_XLAT_TAB,0x0ee00604L,planet.ruby.translatetable,ipanims/cry_xlts.xlt
MAGMA_COLOR_TAB,0x0f000504L,planet.magma.colortable,ipanims/rrr_cts_.ct
MAGMA_XLAT_TAB,0x0f000604L,planet.magma.translatetable,ipanims/bnd_xlts.xlt
MAROON_COLOR_TAB,0x0f200504L,planet.maroon.colortable,ipanims/bbb_cts_.ct
MAROON_XLAT_TAB,0x0f200604L,planet.maroon.translatetable,ipanims/den_xlts.xlt
BLU_GAS_COLOR_TAB,0x0f400504L,planet.bluegas.colortable,ipanims/blugasgi.ct
BLU_GAS_XLAT_TAB,0x0f400604L,planet.bluegas.translatetable,ipanims/gasg.xlt
CYA_GAS_COLOR_TAB,0x0f600504L,planet.cyangas.colortable,ipanims/cyagasgi.ct
CYA_GAS_XLAT_TAB,0x0f600604L,planet.cyangas.translatetable,ipanims/gasg.xlt
GRN_GAS_COLOR_TAB,0x0f800504L,planet.greengas.colortable,ipanims/grngasgi.ct
GRN_GAS_XLAT_TAB,0x0f800604L,planet.greengas.translatetable,ipanims/gasg.xlt
GRY_GAS_COLOR_TAB,0x0fa00504L,planet.greygas.colortable,ipanims/grygasgi.ct
GRY_GAS_XLAT_TAB,0x0fa00604L,planet.greygas.translatetable,ipanims/gasg.xlt
ORA_GAS_COLOR_TAB,0x0fc00504L,planet.orangegas.colortable,ipanims/oragasgi.ct
ORA_GAS_XLAT_TAB,0x0fc00604L,planet.orangegas.translatetable,ipanims/gasg.xlt
PUR_GAS_COLOR_TAB,0x0fe00504L,planet.purplegas.colortable,ipanims/purgasgi.ct
PUR_GAS_XLAT_TAB,0x0fe00604L,planet.purplegas.translatetable,ipanims/gasg.xlt
RED_GAS_COLOR_TAB,0x10000504L,planet.redgas.colortable,ipanims/redgasgi.ct
RED_GAS_XLAT_TAB,0x10000604L,planet.redgas.translatetable,ipanims/gasg.xlt
VIO_GAS_COLOR_TAB,0x10200504L,planet.violetgas.colortable,ipanims/viogasgi.ct
VIO_GAS_XLAT_TAB,0x10200604L,planet.violetgas.translatetable,ipanims/gasg.xlt
YEL_GAS_COLOR_TAB,0x10400504L,planet.yellowgas.colortable,ipanims/yelgasgi.ct
YEL_GAS_XLAT_TAB,0x10400604L,planet.yellowgas.translatetable,ipanims/gasg.xlt
MOONBASE_STRTAB,0x11604d04L,text.moonbase,ipanims/moonbase.txt
MAIDENS_STRTAB,0x11804e04L,text.maidens,ipanims/maidens.txt
CHMMR_BASE_STRTAB,0x11a04f04L,text.chmmrbas,ipanims/chmmrbas.txt
AQUA_STRTAB,0x11c05004L,text.aquhelix,ipanims/aquhelix.txt
BURV_BCS_STRTAB,0x11e05104L,text.drutrans,ipanims/drutrans.txt
TAALO_DEVICE_STRTAB,0x12005204L,text.taadevic,ipanims/taadevic.txt
SUN_DEVICE_STRTAB,0x12205304L,text.sundevic,ipanims/sundevic.txt
VAULT_STRTAB,0x12405404L,text.syrvault,ipanims/syrvault.txt
WRECK_STRTAB,0x12605504L,text.urqwreck,ipanims/urqwreck.txt
BOMB_STRTAB,0x12805604L,text.utwbomb,ipanims/utwbomb.txt
BEAST_STRTAB,0x12a05704L,text.vuxbeast,ipanims/vuxbeast.txt
EGG_CASE_STRTAB,0x12c05804L,text.eggcase,ipanims/eggcase.txt
SPAPLUTO_STRTAB,0x12e05904L,text.spapluto,ipanims/spapluto.txt
BURV_RUINS_STRTAB,0x13005a04L,text.burruins,ipanims/burruins.txt
ANDROSYNTH_RUINS_STRTAB,0x13205b04L,text.andruins,ipanims/andruins.txt
DRUUGE_RUINS_STRTAB,0x13405c04L,text.sphere,ipanims/sphere.txt
PKUNK_RUINS_STRTAB,0x13605d04L,text.spindle,ipanims/spindle.txt
RUINS_STRTAB,0x13a05e04L,text.ruins,ipanims/ruins.txt
UMGAH_BCS_STRTAB,0x13c05f04L,text.umgtrans,ipanims/umgtrans.txt
IPSUN_COLOR_MAP,0x05206004L,colortable.ip_sun,ipanims/ip_sun.ct
HANGAR_COLOR_TAB,0x18a06104L,colortable.dockpani,lbm/dockpani.ct
INTROPRES_STRTAB,0x23c06204L,slides.intro,slides/intro/intro.txt
FINALPRES_STRTAB,0x23e06304L,slides.ending,slides/ending/ending.txt
CREDITS_STRTAB,0x24206404L,credits.credits,credits/credits.txt
JOYSTICK_ALPHA_STRTAB,0x24406504L,text.joyalpha,lbm/joyalpha.txt
SETUP_MENU_STRTAB,0x23a11f04L,text.setupmenu,lbm/setupmenu.txt
ARILOU_FONT,0x00200003L,comm.arilou.font,comm/arilou/arilou.fon
ARILOU_PMAP_ANIM,0x00200002L,comm.arilou.graphics,comm/arilou/arilou.ani
ARILOU_COLOR_MAP,0x00200104L,comm.arilou.colortable,comm/arilou/arilou.ct
ARILOU_MUSIC,0x00200006L,comm.arilou.music,comm/arilou/arilou.mod
ARILOU_CONVERSATION_PHRASES,0x00200004L,comm.arilou.dialogue,comm/arilou/arilou.txt
BLACKURQ_FONT,0x00200003L,comm.kohrah.font,comm/blackur/blackur.fon
BLACKURQ_PMAP_ANIM,0x00200002L,comm.kohrah.graphics,comm/blackur/blackur.ani
BLACKURQ_MUSIC,0x00200006L,comm.kohrah.music,comm/blackur/blackur.mod
BLACKURQ_CONVERSATION_PHRASES,0x00200004L,comm.kohrah.dialogue,comm/blackur/blackur.txt
BLACKURQ_COLOR_MAP,0x00200104L,comm.kohrah.colortable,comm/blackur/blackur.ct
CHMMR_FONT,0x00200003L,comm.chmmr.font,comm/chmmr/chmmr.fon
CHMMR_PMAP_ANIM,0x00200002L,comm.chmmr.graphics,comm/chmmr/chmmr.ani
CHMMR_MUSIC,0x00200006L,comm.chmmr.music,comm/chmmr/chmmr.mod
CHMMR_CONVERSATION_PHRASES,0x00200004L,comm.chmmr.dialogue,comm/chmmr/chmmr.txt
CHMMR_COLOR_MAP,0x00200104L,comm.chmmr.colortable,comm/chmmr/chmmr.ct
COMMANDER_FONT,0x00200003L,comm.commander.font,comm/comandr/comandr.fon
COMMANDER_PMAP_ANIM,0x00200002L,comm.commander.graphics,comm/comandr/comandr.ani
COMMANDER_MUSIC,0x00200006L,comm.commander.music,comm/comandr/comandr.mod
STARBASE_ALT_MUSIC,0x00800106L,comm.starbase.music,--
COMMANDER_LOWPOW_MUSIC,0x00a00206L,comm.comlowpw.music,--
COMMANDER_COLOR_MAP,0x00200004L,comm.commander.colortable,comm/comandr/comandr.ct
COMMANDER_CONVERSATION_PHRASES,0x00400104L,comm.commander.dialogue,comm/comandr/comandr.txt
STARBASE_CONVERSATION_PHRASES,0x00600204L,comm.starbase.dialogue,comm/starbas/starbas.txt
DRUUGE_FONT,0x00200003L,comm.druuge.font,comm/druuge/druuge.fon
DRUUGE_PMAP_ANIM,0x00200002L,comm.druuge.graphics,comm/druuge/druuge.ani
DRUUGE_MUSIC,0x00200006L,comm.druuge.music,comm/druuge/druuge.mod
DRUUGE_CONVERSATION_PHRASES,0x00200004L,comm.druuge.dialogue,comm/druuge/druuge.txt
DRUUGE_COLOR_MAP,0x00200104L,comm.druuge.colortable,comm/druuge/druuge.ct
ILWRATH_FONT,0x00200003L,comm.ilwrath.font,comm/ilwrath/ilwrath.fon
ILWRATH_PMAP_ANIM,0x00200002L,comm.ilwrath.graphics,comm/ilwrath/ilwrath.ani
ILWRATH_MUSIC,0x00200006L,comm.ilwrath.music,comm/ilwrath/ilwrath.mod
ILWRATH_CONVERSATION_PHRASES,0x00200004L,comm.ilwrath.dialogue,comm/ilwrath/ilwrath.txt
ILWRATH_COLOR_MAP,0x00200104L,comm.ilwrath.colortable,comm/ilwrath/ilwrath.ct
MELNORME_FONT,0x00200003L,comm.melnorme.font,comm/melnorm/melnorm.fon
MELNORME_PMAP_ANIM,0x00200002L,comm.melnorme.graphics,comm/melnorm/melnorm.ani
MELNORME_MUSIC,0x00200006L,comm.melnorme.music,comm/melnorm/melnorm.mod
MELNORME_CONVERSATION_PHRASES,0x00200004L,comm.melnorme.dialogue,comm/melnorm/melnorm.txt
MELNORME_COLOR_MAP,0x00200104L,comm.melnorme.colortable,comm/melnorm/melnorm.ct
MYCON_FONT,0x00200003L,comm.mycon.font,comm/mycon/mycon.fon
MYCON_PMAP_ANIM,0x00200002L,comm.mycon.graphics,comm/mycon/mycon.ani
MYCON_MUSIC,0x00200006L,comm.mycon.music,comm/mycon/mycon.mod
MYCON_CONVERSATION_PHRASES,0x00200004L,comm.mycon.dialogue,comm/mycon/mycon.txt
MYCON_COLOR_MAP,0x00200104L,comm.mycon.colortable,comm/mycon/mycon.ct
ORZ_FONT,0x00200003L,comm.orz.font,comm/orz/orz.fon
ORZ_PMAP_ANIM,0x00200002L,comm.orz.graphics,comm/orz/orz.ani
ORZ_MUSIC,0x00200006L,comm.orz.music,comm/orz/orz.mod
ORZ_CONVERSATION_PHRASES,0x00200004L,comm.orz.dialogue,comm/orz/orz.txt
ORZ_COLOR_MAP,0x00200104L,comm.orz.colortable,comm/orz/orz.ct
PKUNK_FONT,0x00200003L,comm.pkunk.font,comm/pkunk/pkunk.fon
PKUNK_PMAP_ANIM,0x00200002L,comm.pkunk.graphics,comm/pkunk/pkunk.ani
PKUNK_MUSIC,0x00200006L,comm.pkunk.music,comm/pkunk/pkunk.mod
PKUNK_CONVERSATION_PHRASES,0x00200004L,comm.pkunk.dialogue,comm/pkunk/pkunk.txt
PKUNK_COLOR_MAP,0x00200104L,comm.pkunk.colortable,comm/pkunk/pkunk.ct
SHOFIXTI_FONT,0x00200003L,comm.shofixti.font,comm/shofixt/shofixt.fon
SHOFIXTI_PMAP_ANIM,0x00200002L,comm.shofixti.graphics,comm/shofixt/shofixt.ani
SHOFIXTI_MUSIC,0x00200006L,comm.shofixti.music,comm/shofixt/shofixt.mod
SHOFIXTI_CONVERSATION_PHRASES,0x00200004L,comm.shofixti.dialogue,comm/shofixt/shofixt.txt
SHOFIXTI_COLOR_MAP,0x00200104L,comm.shofixti.colortable,comm/shofixt/shofixt.ct
SLYLANDRO_FONT,0x00200003L,comm.slyhome.font,comm/slyhome/slyhome.fon
SLYLANDRO_PMAP_ANIM,0x00200002L,comm.slyhome.graphics,comm/slyhome/slyhome.ani
SLYLANDRO_MUSIC,0x00200006L,comm.slyhome.music,comm/slyhome/slyhome.mod
SLYLANDRO_CONVERSATION_PHRASES,0x00200004L,comm.slyhome.dialogue,comm/slyhome/slyhome.txt
SLYLANDRO_COLOR_MAP,0x00200104L,comm.slyhome.colortable,comm/slyhome/slyhome.ct
SLYLAND_FONT,0x00200003L,comm.slylandro.font,comm/slyland/slyland.fon
SLYLAND_PMAP_ANIM,0x00200002L,comm.slylandro.graphics,comm/slyland/slyland.ani
SLYLAND_MUSIC,0x00200006L,comm.slylandro.music,comm/slyland/slyland.mod
SLYLAND_CONVERSATION_PHRASES,0x00200004L,comm.slylandro.dialogue,comm/slyland/slyland.txt
SLYLAND_COLOR_MAP,0x00200104L,comm.slylandro.colortable,comm/slyland/slyland.ct
SPATHI_FONT,0x00200003L,comm.spathi.font,comm/spathi/spathi.fon
SPATHI_PMAP_ANIM,0x00200002L,comm.spathi.graphics,comm/spathi/spathi.ani
SPATHI_HOME_PMAP_ANIM,0x00400102L,comm.spahome.graphics,comm/spahome/spahome.ani
SPATHI_MUSIC,0x00600006L,comm.spathi.music,comm/spathi/spathi.mod
SPAHOME_MUSIC,0x00800106L,comm.spahome.music,comm/spathi/spathi.mod
FWIFFO_MUSIC,0x00a00206L,comm.spafwiff.music,--
SPATHI_CONVERSATION_PHRASES,0x00200004L,comm.spathi.dialogue,comm/spathi/spathi.txt
SPATHI_HOME_COLOR_MAP,0x00400104L,comm.spahome.colortable,comm/spahome/spahome.ct
SPATHI_HOME_CONVERSATION_PHRASES,0x00400204L,comm.spahome.dialogue,comm/spahome/spahome.txt
SPATHI_COLOR_MAP,0x00200304L,comm.spathi.colortable,comm/spathi/spathi.ct
SUPOX_FONT,0x00200003L,comm.supox.font,comm/supox/supox.fon
SUPOX_PMAP_ANIM,0x00200002L,comm.supox.graphics,comm/supox/supox.ani
SUPOX_MUSIC,0x00200006L,comm.supox.music,comm/supox/supox.mod
SUPOX_CONVERSATION_PHRASES,0x00200004L,comm.supox.dialogue,comm/supox/supox.txt
SUPOX_COLOR_MAP,0x00200104L,comm.supox.colortable,comm/supox/supox.ct
SYREEN_FONT,0x00200003L,comm.syreen.font,comm/syreen/syreen.fon
SYREEN_PMAP_ANIM,0x00200002L,comm.syreen.graphics,comm/syreen/syreen.ani
SYREEN_MUSIC,0x00200006L,comm.syreen.music,comm/syreen/syreen.mod
SYREEN_CONVERSATION_PHRASES,0x00200004L,comm.syreen.dialogue,comm/syreen/syreen.txt
SYREEN_COLOR_MAP,0x00200104L,comm.syreen.colortable,comm/syreen/syreen.ct
TALKING_PET_FONT,0x00200003L,comm.talkingpet.font,comm/talkpet/talkpet.fon
TALKING_PET_PMAP_ANIM,0x00200002L,comm.talkingpet.graphics,comm/talkpet/talkpet.ani
TALKING_PET_MUSIC,0x00200006L,comm.talkingpet.music,comm/talkpet/talkpet.mod
TALKING_PET_CONVERSATION_PHRASES,0x00200004L,comm.talkingpet.dialogue,comm/talkpet/talkpet.txt
TALKING_PET_COLOR_MAP,0x00200104L,comm.talkingpet.colortable,comm/talkpet/talkpet.ct
THRADD_FONT,0x00200003L,comm.thraddash.font,comm/thradd/thradd.fon
THRADD_PMAP_ANIM,0x00200002L,comm.thraddash.graphics,comm/thradd/thradd.ani
THRADD_MUSIC,0x00200006L,comm.thraddash.music,comm/thradd/thradd.mod
THRADD_CONVERSATION_PHRASES,0x00200004L,comm.thraddash.dialogue,comm/thradd/thradd.txt
THRADD_COLOR_MAP,0x00200104L,comm.thraddash.colortable,comm/thradd/thradd.ct
UMGAH_FONT,0x00200003L,comm.umgah.font,comm/umgah/umgah.fon
UMGAH_PMAP_ANIM,0x00200002L,comm.umgah.graphics,comm/umgah/umgah.ani
UMGAH_MUSIC,0x00200006L,comm.umgah.music,comm/umgah/umgah.mod
UMGAH_CONVERSATION_PHRASES,0x00200004L,comm.umgah.dialogue,comm/umgah/umgah.txt
UMGAH_COLOR_MAP,0x00200104L,comm.umgah.colortable,comm/umgah/umgah.ct
URQUAN_CODE,0x00200006L,comm.urquan.music,comm/urquan/urquan.mod
URQUAN_FONT,0x00200003L,comm.urquan.font,comm/urquan/urquan.fon
URQUAN_PMAP_ANIM,0x00200002L,comm.urquan.graphics,comm/urquan/urquan.ani
URQUAN_MUSIC,0x00200006L,comm.urquan.music,comm/urquan/urquan.mod
URQUAN_CONVERSATION_PHRASES,0x00200004L,comm.urquan.dialogue,comm/urquan/urquan.txt
URQUAN_COLOR_MAP,0x00200104L,comm.urquan.colortable,comm/urquan/urquan.ct
UTWIG_FONT,0x00200003L,comm.utwig.font,comm/utwig/utwig.fon
UTWIG_PMAP_ANIM,0x00200002L,comm.utwig.graphics,comm/utwig/utwig.ani
UTWIG_MUSIC,0x00200006L,comm.utwig.music,comm/utwig/utwig.mod
UTWIG_ULTRON_MUSIC,0x00400106L,comm.utwigult.music,--
UTWIG_CONVERSATION_PHRASES,0x00200004L,comm.utwig.dialogue,comm/utwig/utwig.txt
UTWIG_COLOR_MAP,0x00200104L,comm.utwig.colortable,comm/utwig/utwig.ct
VUX_FONT,0x00200003L,comm.vux.font,comm/vux/vux.fon
VUX_PMAP_ANIM,0x00200002L,comm.vux.graphics,comm/vux/vux.ani
VUX_MUSIC,0x00200006L,comm.vux.music,comm/vux/vux.mod
VUX_CONVERSATION_PHRASES,0x00200004L,comm.vux.dialogue,comm/vux/vux.txt
VUX_COLOR_MAP,0x00200104L,comm.vux.colortable,comm/vux/vux.ct
YEHAT_FONT,0x00200003L,comm.yehat.font,comm/yehat/yehat.fon
YEHAT_PMAP_ANIM,0x00200002L,comm.yehat.graphics,comm/yehat/yehat.ani
YEHAT_MUSIC,0x00200006L,comm.yehat.music,comm/yehat/yehat.mod
REBEL_MUSIC,0x00800106L,comm.yehat.rebel.music,--
YEHAT_CONVERSATION_PHRASES,0x00400004L,comm.yehat.dialogue,comm/yehat/yehat.txt
REBEL_CONVERSATION_PHRASES,0x00600104L,comm.yehat.rebel.dialogue,comm/rebel/rebel.txt
YEHAT_COLOR_MAP,0x00200204L,comm.yehat.colortable,comm/yehat/yehat.ct
ZOQFOTPIK_FONT,0x00200003L,comm.zoqfotpik.font,comm/zoqfot/zoqfot.fon
ZOQFOTPIK_PMAP_ANIM,0x00200002L,comm.zoqfotpik.graphics,comm/zoqfot/zoqfot.ani
ZOQFOTPIK_MUSIC,0x00200006L,comm.zoqfotpik.music,comm/zoqfot/zoqfot.mod
ZOQFOTPIK_CONVERSATION_PHRASES,0x00200004L,comm.zoqfotpik.dialogue,comm/zoqfot/zoqfot.txt
ZOQFOTPIK_COLOR_MAP,0x00200104L,comm.zoqfotpik.colortable,comm/zoqfot/zoqfot.ct
ANDROSYNTH_CODE,0x00200008L,ship.androsynth.code,androsyn/androsyn.cod
ANDROSYNTH_ICON_MASK_PMAP_ANIM,0x00200002L,ship.androsynth.icons,androsyn/andicons.ani
ANDROSYNTH_MICON_MASK_PMAP_ANIM,0x00200102L,ship.androsynth.meleeicons,androsyn/andmicon.ani
ANDROSYNTH_BIG_MASK_PMAP_ANIM,0x00400202L,ship.androsynth.graphics.androsyn.large,androsyn/androsyn.big
ANDROSYNTH_MED_MASK_PMAP_ANIM,0x00400302L,ship.androsynth.graphics.androsyn.medium,androsyn/androsyn.med
ANDROSYNTH_SML_MASK_PMAP_ANIM,0x00400402L,ship.androsynth.graphics.androsyn.small,androsyn/androsyn.sml
BUBBLE_BIG_MASK_PMAP_ANIM,0x00400502L,ship.androsynth.graphics.bubble.large,androsyn/bubble.big
BUBBLE_MED_MASK_PMAP_ANIM,0x00400602L,ship.androsynth.graphics.bubble.medium,androsyn/bubble.med
BUBBLE_SML_MASK_PMAP_ANIM,0x00400702L,ship.androsynth.graphics.bubble.small,androsyn/bubble.sml
BLAZER_BIG_MASK_PMAP_ANIM,0x00400802L,ship.androsynth.graphics.blazer.large,androsyn/blazer.big
BLAZER_MED_MASK_PMAP_ANIM,0x00400902L,ship.androsynth.graphics.blazer.medium,androsyn/blazer.med
BLAZER_SML_MASK_PMAP_ANIM,0x00400a02L,ship.androsynth.graphics.blazer.small,androsyn/blazer.sml
ANDROSYNTH_CAPT_MASK_PMAP_ANIM,0x00400b02L,ship.androsynth.graphics.captain,androsyn/andcap.ani
ANDROSYNTH_VICTORY_SONG,0x00400006L,ship.androsynth.ditty,androsyn/andditty.mod
ANDROSYNTH_SHIP_SOUNDS,0x00400005L,ship.androsynth.sounds,androsyn/andsound.snd
ANDROSYNTH_RACE_STRINGS,0x00200004L,ship.androsynth.text,androsyn/andtext.txt
ARILOU_CODE,0x00200008L,ship.arilou.code,arilou/arilou.cod
ARILOU_ICON_MASK_PMAP_ANIM,0x00200002L,ship.arilou.icons,arilou/ariicons.ani
ARILOU_MICON_MASK_PMAP_ANIM,0x00200102L,ship.arilou.meleeicons,arilou/arimicon.ani
ARILOU_BIG_MASK_PMAP_ANIM,0x00400202L,ship.arilou.graphics.arilou.large,arilou/arilou.big
ARILOU_MED_MASK_PMAP_ANIM,0x00400302L,ship.arilou.graphics.arilou.medium,arilou/arilou.med
ARILOU_SML_MASK_PMAP_ANIM,0x00400402L,ship.arilou.graphics.arilou.small,arilou/arilou.sml
WARP_BIG_MASK_PMAP_ANIM,0x00400502L,ship.arilou.graphics.warp.large,arilou/warp.big
WARP_MED_MASK_PMAP_ANIM,0x00400602L,ship.arilou.graphics.warp.medium,arilou/warp.med
WARP_SML_MASK_PMAP_ANIM,0x00400702L,ship.arilou.graphics.warp.small,arilou/warp.sml
ARILOU_CAPTAIN_MASK_PMAP_ANIM,0x00400802L,ship.arilou.graphics.captain,arilou/aricap.ani
ARILOU_VICTORY_SONG,0x00400006L,ship.arilou.ditty,arilou/ariditty.mod
ARILOU_SHIP_SOUNDS,0x00400005L,ship.arilou.sounds,arilou/arisound.snd
ARILOU_RACE_STRINGS,0x00200004L,ship.arilou.text,arilou/aritext.txt
KOHR_AH_CODE,0x00200008L,ship.kohrah.code,blackurq/blackurq.cod
KOHR_AH_ICON_MASK_PMAP_ANIM,0x00200002L,ship.kohrah.icons,blackurq/blaicons.ani
KOHR_AH_MICON_MASK_PMAP_ANIM,0x00200102L,ship.kohrah.meleeicons,blackurq/blamicon.ani
KOHR_AH_BIG_MASK_PMAP_ANIM,0x00400202L,ship.kohrah.graphics.blackurq.large,blackurq/blackurq.big
KOHR_AH_MED_MASK_PMAP_ANIM,0x00400302L,ship.kohrah.graphics.blackurq.medium,blackurq/blackurq.med
KOHR_AH_SML_MASK_PMAP_ANIM,0x00400402L,ship.kohrah.graphics.blackurq.small,blackurq/blackurq.sml
BUZZSAW_BIG_MASK_PMAP_ANIM,0x00400502L,ship.kohrah.graphics.buz.large,blackurq/buzbig.ani
BUZZSAW_MED_MASK_PMAP_ANIM,0x00400602L,ship.kohrah.graphics.buz.medium,blackurq/buzmed.ani
BUZZSAW_SML_MASK_PMAP_ANIM,0x00400702L,ship.kohrah.graphics.buz.small,blackurq/buzsml.ani
GAS_BIG_MASK_PMAP_ANIM,0x00400802L,ship.kohrah.graphics.gas.large,blackurq/gasbig.ani
GAS_MED_MASK_PMAP_ANIM,0x00400902L,ship.kohrah.graphics.gas.medium,blackurq/gasmed.ani
GAS_SML_MASK_PMAP_ANIM,0x00400a02L,ship.kohrah.graphics.gas.small,blackurq/gassml.ani
KOHR_AH_CAPTAIN_MASK_PMAP_ANIM,0x00400b02L,ship.kohrah.graphics.captain,blackurq/blacap.ani
KOHR_AH_VICTORY_SONG,0x00400006L,ship.kohrah.ditty,blackurq/bladitty.mod
KOHR_AH_SHIP_SOUNDS,0x00400005L,ship.kohrah.sounds,blackurq/blasound.snd
KOHR_AH_RACE_STRINGS,0x00200004L,ship.kohrah.text,blackurq/blatext.txt
CHENJESU_CODE,0x00200008L,ship.chenjesu.code,chenjesu/chenjesu.cod
CHENJESU_ICON_MASK_PMAP_ANIM,0x00200002L,ship.chenjesu.icons,chenjesu/cheicons.ani
CHENJESU_MICON_MASK_PMAP_ANIM,0x00200102L,ship.chenjesu.meleeicons,chenjesu/chemicon.ani
CHENJESU_BIG_MASK_PMAP_ANIM,0x00400202L,ship.chenjesu.graphics.chenjesu.large,chenjesu/chenjesu.big
CHENJESU_MED_MASK_PMAP_ANIM,0x00400302L,ship.chenjesu.graphics.chenjesu.medium,chenjesu/chenjesu.med
CHENJESU_SML_MASK_PMAP_ANIM,0x00400402L,ship.chenjesu.graphics.chenjesu.small,chenjesu/chenjesu.sml
SPARK_BIG_MASK_PMAP_ANIM,0x00400502L,ship.chenjesu.graphics.spark.large,chenjesu/spark.big
SPARK_MED_MASK_PMAP_ANIM,0x00400602L,ship.chenjesu.graphics.spark.medium,chenjesu/spark.med
SPARK_SML_MASK_PMAP_ANIM,0x00400702L,ship.chenjesu.graphics.spark.small,chenjesu/spark.sml
DOGGY_BIG_MASK_PMAP_ANIM,0x00400802L,ship.chenjesu.graphics.doggy.large,chenjesu/doggy.big
DOGGY_MED_MASK_PMAP_ANIM,0x00400902L,ship.chenjesu.graphics.doggy.medium,chenjesu/doggy.med
DOGGY_SML_MASK_PMAP_ANIM,0x00400a02L,ship.chenjesu.graphics.doggy.small,chenjesu/doggy.sml
CHENJESU_CAPTAIN_MASK_PMAP_ANIM,0x00400b02L,ship.chenjesu.graphics.captain,chenjesu/checap.ani
CHENJESU_VICTORY_SONG,0x00400006L,ship.chenjesu.ditty,chenjesu/cheditty.mod
CHENJESU_SHIP_SOUNDS,0x00400005L,ship.chenjesu.sounds,chenjesu/chesound.snd
CHENJESU_RACE_STRINGS,0x00200004L,ship.chenjesu.text,chenjesu/chetext.txt
CHMMR_CODE,0x00200008L,ship.chmmr.code,chmmr/chmmr.cod
CHMMR_ICON_MASK_PMAP_ANIM,0x00200002L,ship.chmmr.icons,chmmr/chmicons.ani
CHMMR_MICON_MASK_PMAP_ANIM,0x00200102L,ship.chmmr.meleeicons,chmmr/chmmicon.ani
CHMMR_BIG_MASK_PMAP_ANIM,0x00400202L,ship.chmmr.graphics.chmmr.large,chmmr/chmmr.big
CHMMR_MED_MASK_PMAP_ANIM,0x00400302L,ship.chmmr.graphics.chmmr.medium,chmmr/chmmr.med
CHMMR_SML_MASK_PMAP_ANIM,0x00400402L,ship.chmmr.graphics.chmmr.small,chmmr/chmmr.sml
MUZZLE_BIG_MASK_PMAP_ANIM,0x00400502L,ship.chmmr.graphics.muz.large,chmmr/muzbig.ani
MUZZLE_MED_MASK_PMAP_ANIM,0x00400602L,ship.chmmr.graphics.muz.medium,chmmr/muzmed.ani
MUZZLE_SML_MASK_PMAP_ANIM,0x00400702L,ship.chmmr.graphics.muz.small,chmmr/muzsml.ani
SATELLITE_BIG_MASK_PMAP_ANIM,0x00400802L,ship.chmmr.graphics.sat.large,chmmr/satbig.ani
SATELLITE_MED_MASK_PMAP_ANIM,0x00400902L,ship.chmmr.graphics.sat.medium,chmmr/satmed.ani
SATELLITE_SML_MASK_PMAP_ANIM,0x00400a02L,ship.chmmr.graphics.sat.small,chmmr/satsml.ani
CHMMR_CAPTAIN_MASK_PMAP_ANIM,0x00400b02L,ship.chmmr.graphics.captain,chmmr/chmcap.ani
CHMMR_VICTORY_SONG,0x00400006L,ship.chmmr.ditty,chmmr/chmditty.mod
CHMMR_SHIP_SOUNDS,0x00400005L,ship.chmmr.sounds,chmmr/chmsound.snd
CHMMR_RACE_STRINGS,0x00200004L,ship.chmmr.text,chmmr/chmtext.txt
DRUUGE_CODE,0x00200008L,ship.druuge.code,druuge/druuge.cod
DRUUGE_ICON_MASK_PMAP_ANIM,0x00200002L,ship.druuge.icons,druuge/druicons.ani
DRUUGE_MICON_MASK_PMAP_ANIM,0x00200102L,ship.druuge.meleeicons,druuge/drumicon.ani
DRUUGE_BIG_MASK_PMAP_ANIM,0x00400202L,ship.druuge.graphics.druuge.large,druuge/druuge.big
DRUUGE_MED_MASK_PMAP_ANIM,0x00400302L,ship.druuge.graphics.druuge.medium,druuge/druuge.med
DRUUGE_SML_MASK_PMAP_ANIM,0x00400402L,ship.druuge.graphics.druuge.small,druuge/druuge.sml
DRUUGE_CANNON_BIG_MASK_PMAP_ANIM,0x00400502L,ship.druuge.graphics.can.large,druuge/canbig.ani
DRUUGE_CANNON_MED_MASK_PMAP_ANIM,0x00400602L,ship.druuge.graphics.can.medium,druuge/canmed.ani
DRUUGE_CANNON_SML_MASK_PMAP_ANIM,0x00400702L,ship.druuge.graphics.can.small,druuge/cansml.ani
DRUUGE_CAPT_MASK_PMAP_ANIM,0x00400802L,ship.druuge.graphics.captain,druuge/drucap.ani
DRUUGE_VICTORY_SONG,0x00400006L,ship.druuge.ditty,druuge/druditty.mod
DRUUGE_SHIP_SOUNDS,0x00400005L,ship.druuge.sounds,druuge/drusound.snd
DRUUGE_RACE_STRINGS,0x00200004L,ship.druuge.text,druuge/drutext.txt
HUMAN_CODE,0x00200008L,ship.earthling.code,human/human.cod
HUMAN_ICON_MASK_PMAP_ANIM,0x00200002L,ship.earthling.icons,human/humicons.ani
HUMAN_MICON_MASK_PMAP_ANIM,0x00200102L,ship.earthling.meleeicons,human/hummicon.ani
HUMAN_BIG_MASK_PMAP_ANIM,0x00400202L,ship.earthling.graphics.human.large,human/human.big
HUMAN_MED_MASK_PMAP_ANIM,0x00400302L,ship.earthling.graphics.human.medium,human/human.med
HUMAN_SML_MASK_PMAP_ANIM,0x00400402L,ship.earthling.graphics.human.small,human/human.sml
SATURN_BIG_MASK_PMAP_ANIM,0x00400502L,ship.earthling.graphics.saturn.large,human/saturn.big
SATURN_MED_MASK_PMAP_ANIM,0x00400602L,ship.earthling.graphics.saturn.medium,human/saturn.med
SATURN_SML_MASK_PMAP_ANIM,0x00400702L,ship.earthling.graphics.saturn.small,human/saturn.sml
HUMAN_CAPTAIN_MASK_PMAP_ANIM,0x00400802L,ship.earthling.graphics.captain,human/humcap.ani
HUMAN_VICTORY_SONG,0x00400006L,ship.earthling.ditty,human/humditty.mod
HUMAN_SHIP_SOUNDS,0x00400005L,ship.earthling.sounds,human/humsound.snd
HUMAN_RACE_STRINGS,0x00200004L,ship.earthling.text,human/humtext.txt
ILWRATH_CODE,0x00200008L,ship.ilwrath.code,ilwrath/ilwrath.cod
ILWRATH_ICON_MASK_PMAP_ANIM,0x00200002L,ship.ilwrath.icons,ilwrath/ilwicons.ani
ILWRATH_MICON_MASK_PMAP_ANIM,0x00200102L,ship.ilwrath.meleeicons,ilwrath/ilwmicon.ani
ILWRATH_BIG_MASK_PMAP_ANIM,0x00400202L,ship.ilwrath.graphics.ilwrath.large,ilwrath/ilwrath.big
ILWRATH_MED_MASK_PMAP_ANIM,0x00400302L,ship.ilwrath.graphics.ilwrath.medium,ilwrath/ilwrath.med
ILWRATH_SML_MASK_PMAP_ANIM,0x00400402L,ship.ilwrath.graphics.ilwrath.small,ilwrath/ilwrath.sml
FIRE_BIG_MASK_PMAP_ANIM,0x00400502L,ship.ilwrath.graphics.fire.large,ilwrath/fire.big
FIRE_MED_MASK_PMAP_ANIM,0x00400602L,ship.ilwrath.graphics.fire.medium,ilwrath/fire.med
FIRE_SML_MASK_PMAP_ANIM,0x00400702L,ship.ilwrath.graphics.fire.small,ilwrath/fire.sml
ILWRATH_CAPTAIN_MASK_PMAP_ANIM,0x00400802L,ship.ilwrath.graphics.captain,ilwrath/ilwcap.ani
ILWRATH_VICTORY_SONG,0x00400006L,ship.ilwrath.ditty,ilwrath/ilwditty.mod
ILWRATH_SHIP_SOUNDS,0x00400005L,ship.ilwrath.sounds,ilwrath/ilwsound.snd
ILWRATH_RACE_STRINGS,0x00200004L,ship.ilwrath.text,ilwrath/ilwtext.txt
SAMATRA_CODE,0x00200008L,ship.lastbat.code,lastbat/lastbat.cod
SAMATRA_BIG_MASK_ANIM,0x00400002L,ship.lastbat.graphics.lastbat.large,lastbat/lastbat.big
SAMATRA_MED_MASK_PMAP_ANIM,0x00400102L,ship.lastbat.graphics.lastbat.medium,lastbat/lastbat.med
SAMATRA_SML_MASK_PMAP_ANIM,0x00400202L,ship.lastbat.graphics.lastbat.small,lastbat/lastbat.sml
SENTINEL_BIG_MASK_ANIM,0x00400302L,ship.lastbat.graphics.sen.large,lastbat/senbig.ani
SENTINEL_MED_MASK_PMAP_ANIM,0x00400402L,ship.lastbat.graphics.sen.medium,lastbat/senmed.ani
SENTINEL_SML_MASK_PMAP_ANIM,0x00400502L,ship.lastbat.graphics.sen.small,lastbat/sensml.ani
GENERATOR_BIG_MASK_ANIM,0x00400602L,ship.lastbat.graphics.gen.large,lastbat/genbig.ani
GENERATOR_MED_MASK_PMAP_ANIM,0x00400702L,ship.lastbat.graphics.gen.medium,lastbat/genmed.ani
GENERATOR_SML_MASK_PMAP_ANIM,0x00400802L,ship.lastbat.graphics.gen.small,lastbat/gensml.ani
SAMATRA_CAPTAIN_MASK_PMAP_ANIM,0x00600902L,ship.lastbat.graphics.captain,lastbat/lascap.ani
SAMATRA_VICTORY_SONG,0x00400006L,ship.lastbat.ditty,--
SAMATRA_SHIP_SOUNDS,0x00400005L,ship.lastbat.sounds,lastbat/lassound.snd
MELNORME_CODE,0x00200008L,ship.melnorme.code,melnorme/melnorme.cod
MELNORME_ICON_MASK_PMAP_ANIM,0x00200002L,ship.melnorme.icons,melnorme/melicons.ani
MELNORME_MICON_MASK_PMAP_ANIM,0x00200102L,ship.melnorme.meleeicons,melnorme/melmicon.ani
MELNORME_BIG_MASK_PMAP_ANIM,0x00400202L,ship.melnorme.graphics.melnorme.large,melnorme/melnorme.big
MELNORME_MED_MASK_PMAP_ANIM,0x00400302L,ship.melnorme.graphics.melnorme.medium,melnorme/melnorme.med
MELNORME_SML_MASK_PMAP_ANIM,0x00400402L,ship.melnorme.graphics.melnorme.small,melnorme/melnorme.sml
PUMPUP_BIG_MASK_PMAP_ANIM,0x00400502L,ship.melnorme.graphics.pump.large,melnorme/pumpbig.ani
PUMPUP_MED_MASK_PMAP_ANIM,0x00400602L,ship.melnorme.graphics.pump.medium,melnorme/pumpmed.ani
PUMPUP_SML_MASK_PMAP_ANIM,0x00400702L,ship.melnorme.graphics.pump.small,melnorme/pumpsml.ani
CONFUSE_BIG_MASK_PMAP_ANIM,0x00400802L,ship.melnorme.graphics.confu.large,melnorme/confubig.ani
CONFUSE_MED_MASK_PMAP_ANIM,0x00400902L,ship.melnorme.graphics.confu.medium,melnorme/confumed.ani
CONFUSE_SML_MASK_PMAP_ANIM,0x00400a02L,ship.melnorme.graphics.confu.small,melnorme/confusml.ani
MELNORME_CAPTAIN_MASK_PMAP_ANIM,0x00400b02L,ship.melnorme.graphics.captain,melnorme/melcap.ani
MELNORME_VICTORY_SONG,0x00400006L,ship.melnorme.ditty,melnorme/melditty.mod
MELNORME_SHIP_SOUNDS,0x00400005L,ship.melnorme.sounds,melnorme/melsound.snd
MELNORME_RACE_STRINGS,0x00200004L,ship.melnorme.text,melnorme/meltext.txt
MMRNMHRM_CODE,0x00200008L,ship.mmrnmhrm.code,mmrnmhrm/mmrnmhrm.cod
MMRNMHRM_ICON_MASK_PMAP_ANIM,0x00200002L,ship.mmrnmhrm.icons,mmrnmhrm/mmricons.ani
MMRNMHRM_MICON_MASK_PMAP_ANIM,0x00200102L,ship.mmrnmhrm.meleeicons,mmrnmhrm/mmrmicon.ani
MMRNMHRM_BIG_MASK_PMAP_ANIM,0x00400202L,ship.mmrnmhrm.graphics.mmrnmhrm.large,mmrnmhrm/mmrnmhrm.big
MMRNMHRM_MED_MASK_PMAP_ANIM,0x00400302L,ship.mmrnmhrm.graphics.mmrnmhrm.medium,mmrnmhrm/mmrnmhrm.med
MMRNMHRM_SML_MASK_PMAP_ANIM,0x00400402L,ship.mmrnmhrm.graphics.mmrnmhrm.small,mmrnmhrm/mmrnmhrm.sml
TORP_BIG_MASK_PMAP_ANIM,0x00400502L,ship.mmrnmhrm.graphics.torp.large,mmrnmhrm/torp.big
TORP_MED_MASK_PMAP_ANIM,0x00400602L,ship.mmrnmhrm.graphics.torp.medium,mmrnmhrm/torp.med
TORP_SML_MASK_PMAP_ANIM,0x00400702L,ship.mmrnmhrm.graphics.torp.small,mmrnmhrm/torp.sml
YWING_BIG_MASK_PMAP_ANIM,0x00400802L,ship.mmrnmhrm.graphics.ywing.large,mmrnmhrm/ywing.big
YWING_MED_MASK_PMAP_ANIM,0x00400902L,ship.mmrnmhrm.graphics.ywing.medium,mmrnmhrm/ywing.med
YWING_SML_MASK_PMAP_ANIM,0x00400a02L,ship.mmrnmhrm.graphics.ywing.small,mmrnmhrm/ywing.sml
MMRNMHRM_CAPTAIN_MASK_PMAP_ANIM,0x00400b02L,ship.mmrnmhrm.graphics.captain,mmrnmhrm/mmrcap.ani
MMRNMHRM_VICTORY_SONG,0x00400006L,ship.mmrnmhrm.ditty,mmrnmhrm/mmrditty.mod
MMRNMHRM_SHIP_SOUNDS,0x00400005L,ship.mmrnmhrm.sounds,mmrnmhrm/mmrsound.snd
MMRNMHRM_RACE_STRINGS,0x00200004L,ship.mmrnmhrm.text,mmrnmhrm/mmrtext.txt
MYCON_CODE,0x00200008L,ship.mycon.code,mycon/mycon.cod
MYCON_ICON_MASK_PMAP_ANIM,0x00200002L,ship.mycon.icons,mycon/mycicons.ani
MYCON_MICON_MASK_PMAP_ANIM,0x00200102L,ship.mycon.meleeicons,mycon/mycmicon.ani
MYCON_BIG_MASK_PMAP_ANIM,0x00400202L,ship.mycon.graphics.mycon.large,mycon/mycon.big
MYCON_MED_MASK_PMAP_ANIM,0x00400302L,ship.mycon.graphics.mycon.medium,mycon/mycon.med
MYCON_SML_MASK_PMAP_ANIM,0x00400402L,ship.mycon.graphics.mycon.small,mycon/mycon.sml
PLASMA_BIG_MASK_PMAP_ANIM,0x00400502L,ship.mycon.graphics.plasma.large,mycon/plasma.big
PLASMA_MED_MASK_PMAP_ANIM,0x00400602L,ship.mycon.graphics.plasma.medium,mycon/plasma.med
PLASMA_SML_MASK_PMAP_ANIM,0x00400702L,ship.mycon.graphics.plasma.small,mycon/plasma.sml
MYCON_CAPTAIN_MASK_PMAP_ANIM,0x00400802L,ship.mycon.graphics.captain,mycon/myccap.ani
MYCON_VICTORY_SONG,0x00400006L,ship.mycon.ditty,mycon/mycditty.mod
MYCON_SHIP_SOUNDS,0x00400005L,ship.mycon.sounds,mycon/mycsound.snd
MYCON_RACE_STRINGS,0x00200004L,ship.mycon.text,mycon/myctext.txt
ORZ_CODE,0x00200008L,ship.orz.code,orz/orz.cod
ORZ_ICON_MASK_PMAP_ANIM,0x00200002L,ship.orz.icons,orz/orzicons.ani
ORZ_MICON_MASK_PMAP_ANIM,0x00200102L,ship.orz.meleeicons,orz/orzmicon.ani
ORZ_BIG_MASK_PMAP_ANIM,0x00400202L,ship.orz.graphics.orz.large,orz/orz.big
ORZ_MED_MASK_PMAP_ANIM,0x00400302L,ship.orz.graphics.orz.medium,orz/orz.med
ORZ_SML_MASK_PMAP_ANIM,0x00400402L,ship.orz.graphics.orz.small,orz/orz.sml
HOWITZER_BIG_MASK_PMAP_ANIM,0x00400502L,ship.orz.graphics.how.large,orz/howbig.ani
HOWITZER_MED_MASK_PMAP_ANIM,0x00400602L,ship.orz.graphics.how.medium,orz/howmed.ani
HOWITZER_SML_MASK_PMAP_ANIM,0x00400702L,ship.orz.graphics.how.small,orz/howsml.ani
TURRET_BIG_MASK_PMAP_ANIM,0x00400802L,ship.orz.graphics.tur.large,orz/turbig.ani
TURRET_MED_MASK_PMAP_ANIM,0x00400902L,ship.orz.graphics.tur.medium,orz/turmed.ani
TURRET_SML_MASK_PMAP_ANIM,0x00400a02L,ship.orz.graphics.tur.small,orz/tursml.ani
ORZ_CAPTAIN_MASK_PMAP_ANIM,0x00400b02L,ship.orz.graphics.captain,orz/orzcap.ani
ORZ_VICTORY_SONG,0x00400006L,ship.orz.ditty,orz/orzditty.mod
ORZ_SHIP_SOUNDS,0x00400005L,ship.orz.sounds,orz/orzsound.snd
ORZ_RACE_STRINGS,0x00200004L,ship.orz.text,orz/orztext.txt
PKUNK_CODE,0x00200008L,ship.pkunk.code,pkunk/pkunk.cod
PKUNK_ICON_MASK_PMAP_ANIM,0x00200002L,ship.pkunk.icons,pkunk/pkuicons.ani
PKUNK_MICON_MASK_PMAP_ANIM,0x00200102L,ship.pkunk.meleeicons,pkunk/pkumicon.ani
PKUNK_BIG_MASK_PMAP_ANIM,0x00400202L,ship.pkunk.graphics.pkunk.large,pkunk/pkunk.big
PKUNK_MED_MASK_PMAP_ANIM,0x00400302L,ship.pkunk.graphics.pkunk.medium,pkunk/pkunk.med
PKUNK_SML_MASK_PMAP_ANIM,0x00400402L,ship.pkunk.graphics.pkunk.small,pkunk/pkunk.sml
BUG_BIG_MASK_PMAP_ANIM,0x00400502L,ship.pkunk.graphics.bug.large,pkunk/bugbig.ani
BUG_MED_MASK_PMAP_ANIM,0x00400602L,ship.pkunk.graphics.bug.medium,pkunk/bugmed.ani
BUG_SML_MASK_PMAP_ANIM,0x00400702L,ship.pkunk.graphics.bug.small,pkunk/bugsml.ani
PKUNK_CAPTAIN_MASK_PMAP_ANIM,0x00400802L,ship.pkunk.graphics.captain,pkunk/pkucap.ani
PKUNK_VICTORY_SONG,0x00400006L,ship.pkunk.ditty,pkunk/pkuditty.mod
PKUNK_SHIP_SOUNDS,0x00400005L,ship.pkunk.sounds,pkunk/pkusound.snd
PKUNK_RACE_STRINGS,0x00200004L,ship.pkunk.text,pkunk/pkutext.txt
PROBE_CODE,0x00200008L,ship.probe.code,probe/probe.cod
PROBE_MICON_MASK_PMAP_ANIM,0x00200002L,ship.probe.meleeicons,probe/promicon.ani
SHOFIXTI_CODE,0x00200008L,ship.shofixti.code,shofixti/shofixti.cod
SHOFIXTI_ICON_MASK_PMAP_ANIM,0x00200002L,ship.shofixti.icons,shofixti/shoicons.ani
SHOFIXTI_MICON_MASK_PMAP_ANIM,0x00200102L,ship.shofixti.meleeicons,shofixti/shomicon.ani
SHOFIXTI_BIG_MASK_PMAP_ANIM,0x00400202L,ship.shofixti.graphics.shofixti.large,shofixti/shofixti.big
SHOFIXTI_MED_MASK_PMAP_ANIM,0x00400302L,ship.shofixti.graphics.shofixti.medium,shofixti/shofixti.med
SHOFIXTI_SML_MASK_PMAP_ANIM,0x00400402L,ship.shofixti.graphics.shofixti.small,shofixti/shofixti.sml
DESTRUCT_BIG_MASK_ANIM,0x00400502L,ship.shofixti.graphics.destruct.large,shofixti/destruct.big
DESTRUCT_MED_MASK_ANIM,0x00400602L,ship.shofixti.graphics.destruct.medium,shofixti/destruct.med
DESTRUCT_SML_MASK_ANIM,0x00400702L,ship.shofixti.graphics.destruct.small,shofixti/destruct.sml
SHOFIXTI_CAPTAIN_MASK_PMAP_ANIM,0x00400802L,ship.shofixti.graphics.captain,shofixti/shocap.ani
OLDSHOF_BIG_MASK_PMAP_ANIM,0x00600902L,ship.shofixti.graphics.oldshof.large,shofixti/oldshof.big
OLDSHOF_MED_MASK_PMAP_ANIM,0x00600a02L,ship.shofixti.graphics.oldshof.medium,shofixti/oldshof.med
OLDSHOF_SML_MASK_PMAP_ANIM,0x00600b02L,ship.shofixti.graphics.oldshof.small,shofixti/oldshof.sml
OLDSHOF_CAPTAIN_MASK_PMAP_ANIM,0x00600c02L,ship.shofixti.graphics.oldcaptain,shofixti/oldcap.ani
DART_BIG_MASK_PMAP_ANIM,0x00800d02L,ship.shofixti.graphics.missile.large,shofixti/missile.big
DART_MED_MASK_PMAP_ANIM,0x00800e02L,ship.shofixti.graphics.missile.medium,shofixti/missile.med
DART_SML_MASK_PMAP_ANIM,0x00800f02L,ship.shofixti.graphics.missile.small,shofixti/missile.sml
SHOFIXTI_VICTORY_SONG,0x00800006L,ship.shofixti.ditty,shofixti/shoditty.mod
SHOFIXTI_SHIP_SOUNDS,0x00800005L,ship.shofixti.sounds,shofixti/shosound.snd
SHOFIXTI_RACE_STRINGS,0x00200004L,ship.shofixti.text,shofixti/shotext.txt
SIS_CODE,0x00200008L,ship.sis_ship.code,sis_ship/sis.cod
SIS_ICON_MASK_PMAP_ANIM,0x00400002L,ship.sis_ship.icons,sis_ship/sisicons.ani
SIS_BIG_MASK_PMAP_ANIM,0x00400102L,ship.sis_ship.graphics.sis.large,sis_ship/sis.big
SIS_MED_MASK_PMAP_ANIM,0x00400202L,ship.sis_ship.graphics.sis.medium,sis_ship/sis.med
SIS_SML_MASK_PMAP_ANIM,0x00400302L,ship.sis_ship.graphics.sis.small,sis_ship/sis.sml
BLASTER_BIG_MASK_PMAP_ANIM,0x00400402L,ship.sis_ship.graphics.blas.large,sis_ship/blasbig.ani
BLASTER_MED_MASK_PMAP_ANIM,0x00400502L,ship.sis_ship.graphics.blas.medium,sis_ship/blasmed.ani
BLASTER_SML_MASK_PMAP_ANIM,0x00400602L,ship.sis_ship.graphics.blas.small,sis_ship/blassml.ani
SIS_CAPTAIN_MASK_PMAP_ANIM,0x00400702L,ship.sis_ship.graphics.captain,sis_ship/siscap.ani
SIS_HYPER_MASK_PMAP_ANIM,0x00600802L,ship.sis_ship.graphics.sishyper,sis_ship/sishyper.ani
SIS_VICTORY_SONG,0x00400006L,ship.sis_ship.ditty,sis_ship/sisditty.mod
SIS_SHIP_SOUNDS,0x00400005L,ship.sis_ship.sounds,sis_ship/sissound.snd
SLYLANDRO_CODE,0x00200008L,ship.slylandro.code,slylandr/slylandr.cod
SLYLANDRO_ICON_MASK_PMAP_ANIM,0x00200002L,ship.slylandro.icons,slylandr/slyicons.ani
SLYLANDRO_MICON_MASK_PMAP_ANIM,0x00200102L,ship.slylandro.meleeicons,slylandr/slymicon.ani
SLYLANDRO_BIG_MASK_PMAP_ANIM,0x00400202L,ship.slylandro.graphics.slylandr.large,slylandr/slylandr.big
SLYLANDRO_MED_MASK_PMAP_ANIM,0x00400302L,ship.slylandro.graphics.slylandr.medium,slylandr/slylandr.med
SLYLANDRO_SML_MASK_PMAP_ANIM,0x00400402L,ship.slylandro.graphics.slylandr.small,slylandr/slylandr.sml
SLYLANDRO_CAPTAIN_MASK_PMAP_ANIM,0x00400502L,ship.slylandro.graphics.captain,slylandr/slycap.ani
SLYLANDRO_VICTORY_SONG,0x00400006L,ship.slylandro.ditty,slylandr/slyditty.mod
SLYLANDRO_SHIP_SOUNDS,0x00400005L,ship.slylandro.sounds,slylandr/slysound.snd
SLYLANDRO_RACE_STRINGS,0x00200004L,ship.slylandro.text,slylandr/slytext.txt
SPATHI_CODE,0x00200008L,ship.spathi.code,spathi/spathi.cod
SPATHI_ICON_MASK_PMAP_ANIM,0x00200002L,ship.spathi.icons,spathi/spaicons.ani
SPATHI_MICON_MASK_PMAP_ANIM,0x00200102L,ship.spathi.meleeicons,spathi/spamicon.ani
SPATHI_BIG_MASK_PMAP_ANIM,0x00400202L,ship.spathi.graphics.spathi.large,spathi/spathi.big
SPATHI_MED_MASK_PMAP_ANIM,0x00400302L,ship.spathi.graphics.spathi.medium,spathi/spathi.med
SPATHI_SML_MASK_PMAP_ANIM,0x00400402L,ship.spathi.graphics.spathi.small,spathi/spathi.sml
MISSILE_BIG_MASK_PMAP_ANIM,0x00400502L,ship.spathi.graphics.missile.large,spathi/missile.big
MISSILE_MED_MASK_PMAP_ANIM,0x00400602L,ship.spathi.graphics.missile.medium,spathi/missile.med
MISSILE_SML_MASK_PMAP_ANIM,0x00400702L,ship.spathi.graphics.missile.small,spathi/missile.sml
DISCRIM_BIG_MASK_PMAP_ANIM,0x00400802L,ship.spathi.graphics.discrim.large,spathi/discrim.big
DISCRIM_MED_MASK_PMAP_ANIM,0x00400902L,ship.spathi.graphics.discrim.medium,spathi/discrim.med
DISCRIM_SML_MASK_PMAP_ANIM,0x00400a02L,ship.spathi.graphics.discrim.small,spathi/discrim.sml
SPATHI_CAPTAIN_MASK_PMAP_ANIM,0x00400b02L,ship.spathi.graphics.captain,spathi/spacap.ani
SPATHI_VICTORY_SONG,0x00400006L,ship.spathi.ditty,spathi/spaditty.mod
SPATHI_SHIP_SOUNDS,0x00400005L,ship.spathi.sounds,spathi/spasound.snd
SPATHI_RACE_STRINGS,0x00200004L,ship.spathi.text,spathi/spatext.txt
SUPOX_CODE,0x00200008L,ship.supox.code,supox/supox.cod
SUPOX_ICON_MASK_PMAP_ANIM,0x00200002L,ship.supox.icons,supox/supicons.ani
SUPOX_MICON_MASK_PMAP_ANIM,0x00200102L,ship.supox.meleeicons,supox/supmicon.ani
SUPOX_BIG_MASK_PMAP_ANIM,0x00400202L,ship.supox.graphics.supox.large,supox/supox.big
SUPOX_MED_MASK_PMAP_ANIM,0x00400302L,ship.supox.graphics.supox.medium,supox/supox.med
SUPOX_SML_MASK_PMAP_ANIM,0x00400402L,ship.supox.graphics.supox.small,supox/supox.sml
GOB_BIG_MASK_PMAP_ANIM,0x00400502L,ship.supox.graphics.gob.large,supox/gobbig.ani
GOB_MED_MASK_PMAP_ANIM,0x00400602L,ship.supox.graphics.gob.medium,supox/gobmed.ani
GOB_SML_MASK_PMAP_ANIM,0x00400702L,ship.supox.graphics.gob.small,supox/gobsml.ani
SUPOX_CAPTAIN_MASK_PMAP_ANIM,0x00400802L,ship.supox.graphics.captain,supox/supcap.ani
SUPOX_VICTORY_SONG,0x00400006L,ship.supox.ditty,supox/supditty.mod
SUPOX_SHIP_SOUNDS,0x00400005L,ship.supox.sounds,supox/supsound.snd
SUPOX_RACE_STRINGS,0x00200004L,ship.supox.text,supox/suptext.txt
SYREEN_CODE,0x00200008L,ship.syreen.code,syreen/syreen.cod
SYREEN_ICON_MASK_PMAP_ANIM,0x00200002L,ship.syreen.icons,syreen/syricons.ani
SYREEN_MICON_MASK_PMAP_ANIM,0x00200102L,ship.syreen.meleeicons,syreen/syrmicon.ani
SYREEN_BIG_MASK_PMAP_ANIM,0x00400202L,ship.syreen.graphics.syreen.large,syreen/syreen.big
SYREEN_MED_MASK_PMAP_ANIM,0x00400302L,ship.syreen.graphics.syreen.medium,syreen/syreen.med
SYREEN_SML_MASK_PMAP_ANIM,0x00400402L,ship.syreen.graphics.syreen.small,syreen/syreen.sml
DAGGER_BIG_MASK_PMAP_ANIM,0x00400502L,ship.syreen.graphics.dagger.large,syreen/dagger.big
DAGGER_MED_MASK_PMAP_ANIM,0x00400602L,ship.syreen.graphics.dagger.medium,syreen/dagger.med
DAGGER_SML_MASK_PMAP_ANIM,0x00400702L,ship.syreen.graphics.dagger.small,syreen/dagger.sml
SYREEN_CAPTAIN_MASK_PMAP_ANIM,0x00400802L,ship.syreen.graphics.captain,syreen/syrcap.ani
SYREEN_VICTORY_SONG,0x00400006L,ship.syreen.ditty,syreen/syrditty.mod
SYREEN_SHIP_SOUNDS,0x00400005L,ship.syreen.sounds,syreen/syrsound.snd
SYREEN_RACE_STRINGS,0x00200004L,ship.syreen.text,syreen/syrtext.txt
THRADDASH_CODE,0x00200008L,ship.thraddash.code,thradd/thradd.cod
THRADDASH_ICON_MASK_PMAP_ANIM,0x00200002L,ship.thraddash.icons,thradd/thricons.ani
THRADDASH_MICON_MASK_PMAP_ANIM,0x00200102L,ship.thraddash.meleeicons,thradd/thrmicon.ani
THRADDASH_BIG_MASK_PMAP_ANIM,0x00400202L,ship.thraddash.graphics.thradd.large,thradd/thradd.big
THRADDASH_MED_MASK_PMAP_ANIM,0x00400302L,ship.thraddash.graphics.thradd.medium,thradd/thradd.med
THRADDASH_SML_MASK_PMAP_ANIM,0x00400402L,ship.thraddash.graphics.thradd.small,thradd/thradd.sml
HORN_BIG_MASK_PMAP_ANIM,0x00400502L,ship.thraddash.graphics.hor.large,thradd/horbig.ani
HORN_MED_MASK_PMAP_ANIM,0x00400602L,ship.thraddash.graphics.hor.medium,thradd/hormed.ani
HORN_SML_MASK_PMAP_ANIM,0x00400702L,ship.thraddash.graphics.hor.small,thradd/horsml.ani
NAPALM_BIG_MASK_PMAP_ANIM,0x00400802L,ship.thraddash.graphics.nap.large,thradd/napbig.ani
NAPALM_MED_MASK_PMAP_ANIM,0x00400902L,ship.thraddash.graphics.nap.medium,thradd/napmed.ani
NAPALM_SML_MASK_PMAP_ANIM,0x00400a02L,ship.thraddash.graphics.nap.small,thradd/napsml.ani
THRADDASH_CAPTAIN_MASK_PMAP_ANIM,0x00400b02L,ship.thraddash.graphics.captain,thradd/thrcap.ani
THRADDASH_VICTORY_SONG,0x00400006L,ship.thraddash.ditty,thradd/thrditty.mod
THRADDASH_SHIP_SOUNDS,0x00400005L,ship.thraddash.sounds,thradd/thrsound.snd
THRADDASH_RACE_STRINGS,0x00200004L,ship.thraddash.text,thradd/thrtext.txt
UMGAH_CODE,0x00200008L,ship.umgah.code,umgah/umgah.cod
UMGAH_ICON_MASK_PMAP_ANIM,0x00200002L,ship.umgah.icons,umgah/umgicons.ani
UMGAH_MICON_MASK_PMAP_ANIM,0x00200102L,ship.umgah.meleeicons,umgah/umgmicon.ani
UMGAH_BIG_MASK_PMAP_ANIM,0x00400202L,ship.umgah.graphics.umgah.large,umgah/umgah.big
UMGAH_MED_MASK_PMAP_ANIM,0x00400302L,ship.umgah.graphics.umgah.medium,umgah/umgah.med
UMGAH_SML_MASK_PMAP_ANIM,0x00400402L,ship.umgah.graphics.umgah.small,umgah/umgah.sml
SPRITZ_MASK_PMAP_ANIM,0x00400502L,ship.umgah.graphics.spritz,umgah/spritz.ani
CONE_BIG_MASK_ANIM,0x00400602L,ship.umgah.graphics.cone.large,umgah/cone.big
CONE_MED_MASK_ANIM,0x00400702L,ship.umgah.graphics.cone.medium,umgah/cone.med
CONE_SML_MASK_ANIM,0x00400802L,ship.umgah.graphics.cone.small,umgah/cone.sml
UMGAH_CAPTAIN_MASK_PMAP_ANIM,0x00400902L,ship.umgah.graphics.captain,umgah/umgcap.ani
UMGAH_VICTORY_SONG,0x00400006L,ship.umgah.ditty,umgah/umgditty.mod
UMGAH_SHIP_SOUNDS,0x00400005L,ship.umgah.sounds,umgah/umgsound.snd
UMGAH_RACE_STRINGS,0x00200004L,ship.umgah.text,umgah/umgtext.txt
URQUAN_CODE,0x00200008L,ship.urquan.code,urquan/urquan.cod
URQUAN_ICON_MASK_PMAP_ANIM,0x00200002L,ship.urquan.icons,urquan/urqicons.ani
URQUAN_MICON_MASK_PMAP_ANIM,0x00200102L,ship.urquan.meleeicons,urquan/urqmicon.ani
URQUAN_BIG_MASK_PMAP_ANIM,0x00400202L,ship.urquan.graphics.urquan.large,urquan/urquan.big
URQUAN_MED_MASK_PMAP_ANIM,0x00400302L,ship.urquan.graphics.urquan.medium,urquan/urquan.med
URQUAN_SML_MASK_PMAP_ANIM,0x00400402L,ship.urquan.graphics.urquan.small,urquan/urquan.sml
FUSION_BIG_MASK_PMAP_ANIM,0x00400502L,ship.urquan.graphics.fusion.large,urquan/fusion.big
FUSION_MED_MASK_PMAP_ANIM,0x00400602L,ship.urquan.graphics.fusion.medium,urquan/fusion.med
FUSION_SML_MASK_PMAP_ANIM,0x00400702L,ship.urquan.graphics.fusion.small,urquan/fusion.sml
FIGHTER_BIG_MASK_PMAP_ANIM,0x00400802L,ship.urquan.graphics.fight.large,urquan/fight.big
FIGHTER_MED_MASK_PMAP_ANIM,0x00400902L,ship.urquan.graphics.fight.medium,urquan/fight.med
FIGHTER_SML_MASK_PMAP_ANIM,0x00400a02L,ship.urquan.graphics.fight.small,urquan/fight.sml
URQUAN_CAPTAIN_MASK_PMAP_ANIM,0x00400b02L,ship.urquan.graphics.captain,urquan/urqcap.ani
URQUAN_VICTORY_SONG,0x00400006L,ship.urquan.ditty,urquan/urqditty.mod
URQUAN_SHIP_SOUNDS,0x00400005L,ship.urquan.sounds,urquan/urqsound.snd
URQUAN_RACE_STRINGS,0x00200004L,ship.urquan.text,urquan/urqtext.txt
UTWIG_CODE,0x00200008L,ship.utwig.code,utwig/utwig.cod
UTWIG_ICON_MASK_PMAP_ANIM,0x00200002L,ship.utwig.icons,utwig/utwicons.ani
UTWIG_MICON_MASK_PMAP_ANIM,0x00200102L,ship.utwig.meleeicons,utwig/utwmicon.ani
UTWIG_BIG_MASK_PMAP_ANIM,0x00400202L,ship.utwig.graphics.utwig.large,utwig/utwig.big
UTWIG_MED_MASK_PMAP_ANIM,0x00400302L,ship.utwig.graphics.utwig.medium,utwig/utwig.med
UTWIG_SML_MASK_PMAP_ANIM,0x00400402L,ship.utwig.graphics.utwig.small,utwig/utwig.sml
LANCE_BIG_MASK_PMAP_ANIM,0x00400502L,ship.utwig.graphics.lan.large,utwig/lanbig.ani
LANCE_MED_MASK_PMAP_ANIM,0x00400602L,ship.utwig.graphics.lan.medium,utwig/lanmed.ani
LANCE_SML_MASK_PMAP_ANIM,0x00400702L,ship.utwig.graphics.lan.small,utwig/lansml.ani
UTWIG_CAPTAIN_MASK_PMAP_ANIM,0x00400802L,ship.utwig.graphics.captain,utwig/utwcap.ani
UTWIG_VICTORY_SONG,0x00400006L,ship.utwig.ditty,utwig/utwditty.mod
UTWIG_SHIP_SOUNDS,0x00400005L,ship.utwig.sounds,utwig/utwsound.snd
UTWIG_RACE_STRINGS,0x00200004L,ship.utwig.text,utwig/utwtext.txt
VUX_CODE,0x00200008L,ship.vux.code,vux/vux.cod
VUX_ICON_MASK_PMAP_ANIM,0x00200002L,ship.vux.icons,vux/vuxicons.ani
VUX_MICON_MASK_PMAP_ANIM,0x00200102L,ship.vux.meleeicons,vux/vuxmicon.ani
VUX_BIG_MASK_PMAP_ANIM,0x00400202L,ship.vux.graphics.vux.large,vux/vux.big
VUX_MED_MASK_PMAP_ANIM,0x00400302L,ship.vux.graphics.vux.medium,vux/vux.med
VUX_SML_MASK_PMAP_ANIM,0x00400402L,ship.vux.graphics.vux.small,vux/vux.sml
LIMPETS_BIG_MASK_PMAP_ANIM,0x00400502L,ship.vux.graphics.limpets.large,vux/limpets.big
LIMPETS_MED_MASK_PMAP_ANIM,0x00400602L,ship.vux.graphics.limpets.medium,vux/limpets.med
LIMPETS_SML_MASK_PMAP_ANIM,0x00400702L,ship.vux.graphics.limpets.small,vux/limpets.sml
SLIME_MASK_PMAP_ANIM,0x00400802L,ship.vux.graphics.slime,vux/slime.ani
VUX_CAPTAIN_MASK_PMAP_ANIM,0x00400902L,ship.vux.graphics.captain,vux/vuxcap.ani
VUX_VICTORY_SONG,0x00400006L,ship.vux.ditty,vux/vuxditty.mod
VUX_SHIP_SOUNDS,0x00400005L,ship.vux.sounds,vux/vuxsound.snd
VUX_RACE_STRINGS,0x00200004L,ship.vux.text,vux/vuxtext.txt
YEHAT_CODE,0x00200008L,ship.yehat.code,yehat/yehat.cod
YEHAT_ICON_MASK_PMAP_ANIM,0x00200002L,ship.yehat.icons,yehat/yehicons.ani
YEHAT_MICON_MASK_PMAP_ANIM,0x00200102L,ship.yehat.meleeicons,yehat/yehmicon.ani
YEHAT_BIG_MASK_PMAP_ANIM,0x00400202L,ship.yehat.graphics.yehat.large,yehat/yehat.big
YEHAT_MED_MASK_PMAP_ANIM,0x00400302L,ship.yehat.graphics.yehat.medium,yehat/yehat.med
YEHAT_SML_MASK_PMAP_ANIM,0x00400402L,ship.yehat.graphics.yehat.small,yehat/yehat.sml
YEHAT_CANNON_BIG_MASK_PMAP_ANIM,0x00400502L,ship.yehat.graphics.missile.large,yehat/missile.big
YEHAT_CANNON_MED_MASK_PMAP_ANIM,0x00400602L,ship.yehat.graphics.missile.medium,yehat/missile.med
YEHAT_CANNON_SML_MASK_PMAP_ANIM,0x00400702L,ship.yehat.graphics.missile.small,yehat/missile.sml
SHIELD_BIG_MASK_ANIM,0x00400802L,ship.yehat.graphics.shield.large,yehat/shield.big
SHIELD_MED_MASK_ANIM,0x00400902L,ship.yehat.graphics.shield.medium,yehat/shield.med
SHIELD_SML_MASK_ANIM,0x00400a02L,ship.yehat.graphics.shield.small,yehat/shield.sml
YEHAT_CAPTAIN_MASK_PMAP_ANIM,0x00400b02L,ship.yehat.graphics.captain,yehat/yehcap.ani
YEHAT_VICTORY_SONG,0x00400006L,ship.yehat.ditty,yehat/yehditty.mod
YEHAT_SHIP_SOUNDS,0x00400005L,ship.yehat.sounds,yehat/yehsound.snd
YEHAT_RACE_STRINGS,0x00200004L,ship.yehat.text,yehat/yehtext.txt
ZOQFOTPIK_CODE,0x00200008L,ship.zoqfotpik.code,zoqfot/zoqfot.cod
ZOQFOTPIK_ICON_MASK_PMAP_ANIM,0x00200002L,ship.zoqfotpik.icons,zoqfot/zoqicons.ani
ZOQFOTPIK_MICON_MASK_PMAP_ANIM,0x00200102L,ship.zoqfotpik.meleeicons,zoqfot/zoqmicon.ani
ZOQFOTPIK_BIG_MASK_PMAP_ANIM,0x00400202L,ship.zoqfotpik.graphics.zoqfot.large,zoqfot/zoqfot.big
ZOQFOTPIK_MED_MASK_PMAP_ANIM,0x00400302L,ship.zoqfotpik.graphics.zoqfot.medium,zoqfot/zoqfot.med
ZOQFOTPIK_SML_MASK_PMAP_ANIM,0x00400402L,ship.zoqfotpik.graphics.zoqfot.small,zoqfot/zoqfot.sml
SPIT_BIG_MASK_PMAP_ANIM,0x00400502L,ship.zoqfotpik.graphics.spit.large,zoqfot/spitbig.ani
SPIT_MED_MASK_PMAP_ANIM,0x00400602L,ship.zoqfotpik.graphics.spit.medium,zoqfot/spitmed.ani
SPIT_SML_MASK_PMAP_ANIM,0x00400702L,ship.zoqfotpik.graphics.spit.small,zoqfot/spitsml.ani
STINGER_BIG_MASK_PMAP_ANIM,0x00400802L,ship.zoqfotpik.graphics.sti.large,zoqfot/stibig.ani
STINGER_MED_MASK_PMAP_ANIM,0x00400902L,ship.zoqfotpik.graphics.sti.medium,zoqfot/stimed.ani
STINGER_SML_MASK_PMAP_ANIM,0x00400a02L,ship.zoqfotpik.graphics.sti.small,zoqfot/stisml.ani
ZOQFOTPIK_CAPTAIN_MASK_PMAP_ANIM,0x00400b02L,ship.zoqfotpik.graphics.captain,zoqfot/zoqcap.ani
ZOQFOTPIK_VICTORY_SONG,0x00400006L,ship.zoqfotpik.ditty,zoqfot/zoqditty.mod
ZOQFOTPIK_SHIP_SOUNDS,0x00400005L,ship.zoqfotpik.sounds,zoqfot/zoqsound.snd
ZOQFOTPIK_RACE_STRINGS,0x00200004L,ship.zoqfotpik.text,zoqfot/zoqtext.txt
