# This index is really only here for historical reasons, now.
# As the resources we use evolve, these values will diverge ever further.
HYPERSPACE_MUSIC,38,0,sc2code/imusicre.h,MUSICRES,base/nav/hyper.mod
QUASISPACE_MUSIC,39,1,sc2code/imusicre.h,MUSICRES,base/nav/quasispace.mod
IP_MUSIC,159,2,sc2code/imusicre.h,MUSICRES,base/nav/space.mod
ORBIT1_MUSIC,160,3,sc2code/imusicre.h,MUSICRES,base/nav/orbit.mod
ORBIT2_MUSIC,160,4,sc2code/imusicre.h,MUSICRES,base/nav/orbit.mod
ORBIT3_MUSIC,160,5,sc2code/imusicre.h,MUSICRES,base/nav/orbit.mod
ORBIT4_MUSIC,160,6,sc2code/imusicre.h,MUSICRES,base/nav/orbit.mod
ORBIT5_MUSIC,160,7,sc2code/imusicre.h,MUSICRES,base/nav/orbit.mod
REDALERT_MUSIC,163,8,sc2code/imusicre.h,MUSICRES,base/ui/redalert.mod
OUTFIT_MUSIC,196,9,sc2code/imusicre.h,MUSICRES,base/ui/outfit.mod
SHIPYARD_MUSIC,198,10,sc2code/imusicre.h,MUSICRES,base/ui/shipyard.mod
STARBASE_MUSIC,199,11,sc2code/imusicre.h,MUSICRES,base/ui/starbase.mod
BATTLE_MUSIC,261,12,sc2code/imusicre.h,MUSICRES,base/battle/battle.mod
CREDITS_MUSIC,282,13,sc2code/imusicre.h,--,--
MELEE_MUSIC,161,14,sc2code/imusicre.h,--,--
MAINMENU_MUSIC,193,15,sc2code/imusicre.h,--,--
STARCON_FONT,28,0,sc2code/ifontres.h,FONTRES,base/fonts/starcon.fon
TINY_FONT,28,1,sc2code/ifontres.h,FONTRES,base/fonts/tiny.fon
MICRO_FONT,30,2,sc2code/ifontres.h,FONTRES,base/fonts/micro.fon
LANDER_FONT,138,3,sc2code/ifontres.h,FONTRES,base/fonts/lander.fon
PLAYER_FONT,189,4,sc2code/ifontres.h,FONTRES,base/fonts/player.fon
PT13AA_FONT,288,5,sc2code/ifontres.h,FONTRES,base/fonts/pt13.fon
PT17AA_FONT,288,6,sc2code/ifontres.h,FONTRES,base/fonts/pt17.fon
PT45AA_FONT,288,7,sc2code/ifontres.h,FONTRES,base/fonts/pt45.fon
STARCON_COLOR_MAP,1,0,sc2code/istrtab.h,BINTAB,base/scclrtab.ct
STARCON_GAME_STRINGS,28,1,sc2code/istrtab.h,STRTAB,base/gamestrings.txt
HYPER_COLOR_TAB,36,2,sc2code/istrtab.h,BINTAB,base/nav/hyperpal.ct
ARISPACE_COLOR_TAB,37,3,sc2code/istrtab.h,BINTAB,base/nav/quasispace.ct
ORBPLAN_COLOR_MAP,41,4,sc2code/istrtab.h,BINTAB,base/nav/orbplan.ct
OOLITE_COLOR_TAB,72,5,sc2code/istrtab.h,BINTAB,base/planets/str_cts_.ct
OOLITE_XLAT_TAB,72,6,sc2code/istrtab.h,BINTAB,base/planets/mtl2xlts.xlt
YTTRIC_COLOR_TAB,73,5,sc2code/istrtab.h,BINTAB,base/planets/wr1_cts_.ct
YTTRIC_XLAT_TAB,73,6,sc2code/istrtab.h,BINTAB,base/planets/rst_xlts.xlt
QUASI_DEGENERATE_COLOR_TAB,74,5,sc2code/istrtab.h,BINTAB,base/planets/co2_cts_.ct
QUASI_DEGENERATE_XLAT_TAB,74,6,sc2code/istrtab.h,BINTAB,base/planets/bnd_xlts.xlt
LANTHANIDE_COLOR_TAB,75,5,sc2code/istrtab.h,BINTAB,base/planets/ylgscts_.ct
LANTHANIDE_XLAT_TAB,75,6,sc2code/istrtab.h,BINTAB,base/planets/rst_xlts.xlt
TREASURE_COLOR_TAB,76,5,sc2code/istrtab.h,BINTAB,base/planets/lll_cts_.ct
TREASURE_XLAT_TAB,76,6,sc2code/istrtab.h,BINTAB,base/planets/bnd_xlts.xlt
UREA_COLOR_TAB,77,5,sc2code/istrtab.h,BINTAB,base/planets/ylgscts_.ct
UREA_XLAT_TAB,77,6,sc2code/istrtab.h,BINTAB,base/planets/den_xlts.xlt
METAL_COLOR_TAB,78,5,sc2code/istrtab.h,BINTAB,base/planets/mtl_cts_.ct
METAL_XLAT_TAB,78,6,sc2code/istrtab.h,BINTAB,base/planets/mtl1xlts.xlt
RADIOACTIVE_COLOR_TAB,79,5,sc2code/istrtab.h,BINTAB,base/planets/rrr_cts_.ct
RADIOACTIVE_XLAT_TAB,79,6,sc2code/istrtab.h,BINTAB,base/planets/rst_xlts.xlt
OPALESCENT_COLOR_TAB,80,5,sc2code/istrtab.h,BINTAB,base/planets/ice_cts_.ct
OPALESCENT_XLAT_TAB,80,6,sc2code/istrtab.h,BINTAB,base/planets/ice_xlts.xlt
CYANIC_COLOR_TAB,81,5,sc2code/istrtab.h,BINTAB,base/planets/qqq_cts_.ct
CYANIC_XLAT_TAB,81,6,sc2code/istrtab.h,BINTAB,base/planets/bnd_xlts.xlt
ACID_COLOR_TAB,82,5,sc2code/istrtab.h,BINTAB,base/planets/rst_cts_.ct
ACID_XLAT_TAB,82,6,sc2code/istrtab.h,BINTAB,base/planets/rst_xlts.xlt
ALKALI_COLOR_TAB,83,5,sc2code/istrtab.h,BINTAB,base/planets/bnd_cts_.ct
ALKALI_XLAT_TAB,83,6,sc2code/istrtab.h,BINTAB,base/planets/rst_xlts.xlt
HALIDE_COLOR_TAB,84,5,sc2code/istrtab.h,BINTAB,base/planets/rdx_cts_.ct
HALIDE_XLAT_TAB,84,6,sc2code/istrtab.h,BINTAB,base/planets/rst_xlts.xlt
GREEN_COLOR_TAB,85,5,sc2code/istrtab.h,BINTAB,base/planets/nnn_cts_.ct
GREEN_XLAT_TAB,85,6,sc2code/istrtab.h,BINTAB,base/planets/den_xlts.xlt
COPPER_COLOR_TAB,86,5,sc2code/istrtab.h,BINTAB,base/planets/qqq_cts_.ct
COPPER_XLAT_TAB,86,6,sc2code/istrtab.h,BINTAB,base/planets/bnd_xlts.xlt
CARBIDE_COLOR_TAB,87,5,sc2code/istrtab.h,BINTAB,base/planets/rrr_cts_.ct
CARBIDE_XLAT_TAB,87,6,sc2code/istrtab.h,BINTAB,base/planets/ice_xlts.xlt
ULTRAMARINE_COLOR_TAB,88,5,sc2code/istrtab.h,BINTAB,base/planets/den_cts_.ct
ULTRAMARINE_XLAT_TAB,88,6,sc2code/istrtab.h,BINTAB,base/planets/den_xlts.xlt
NOBLE_COLOR_TAB,89,5,sc2code/istrtab.h,BINTAB,base/planets/blgscts_.ct
NOBLE_XLAT_TAB,89,6,sc2code/istrtab.h,BINTAB,base/planets/rst_xlts.xlt
AZURE_COLOR_TAB,90,5,sc2code/istrtab.h,BINTAB,base/planets/www_cts_.ct
AZURE_XLAT_TAB,90,6,sc2code/istrtab.h,BINTAB,base/planets/den_xlts.xlt
CHONDRITE_COLOR_TAB,91,5,sc2code/istrtab.h,BINTAB,base/planets/grv_cts_.ct
CHONDRITE_XLAT_TAB,91,6,sc2code/istrtab.h,BINTAB,base/planets/grv_xlts.xlt
PURPLE_COLOR_TAB,92,5,sc2code/istrtab.h,BINTAB,base/planets/vigscts_.ct
PURPLE_XLAT_TAB,92,6,sc2code/istrtab.h,BINTAB,base/planets/den_xlts.xlt
SUPER_DENSE_COLOR_TAB,93,5,sc2code/istrtab.h,BINTAB,base/planets/kkk_cts_.ct
SUPER_DENSE_XLAT_TAB,93,6,sc2code/istrtab.h,BINTAB,base/planets/bnd_xlts.xlt
PELLUCID_COLOR_TAB,94,5,sc2code/istrtab.h,BINTAB,base/planets/prgscts_.ct
PELLUCID_XLAT_TAB,94,6,sc2code/istrtab.h,BINTAB,base/planets/ice_xlts.xlt
DUST_COLOR_TAB,95,5,sc2code/istrtab.h,BINTAB,base/planets/dst_cts_.ct
DUST_XLAT_TAB,95,6,sc2code/istrtab.h,BINTAB,base/planets/rst_xlts.xlt
CRIMSON_COLOR_TAB,96,5,sc2code/istrtab.h,BINTAB,base/planets/dst_cts_.ct
CRIMSON_XLAT_TAB,96,6,sc2code/istrtab.h,BINTAB,base/planets/den_xlts.xlt
CIMMERIAN_COLOR_TAB,97,5,sc2code/istrtab.h,BINTAB,base/planets/jjj_cts_.ct
CIMMERIAN_XLAT_TAB,97,6,sc2code/istrtab.h,BINTAB,base/planets/bnd_xlts.xlt
INFRARED_COLOR_TAB,98,5,sc2code/istrtab.h,BINTAB,base/planets/dst_cts_.ct
INFRARED_XLAT_TAB,98,6,sc2code/istrtab.h,BINTAB,base/planets/ice_xlts.xlt
SELENIC_COLOR_TAB,99,5,sc2code/istrtab.h,BINTAB,base/planets/lit_cts_.ct
SELENIC_XLAT_TAB,99,6,sc2code/istrtab.h,BINTAB,base/planets/den_xlts.xlt
AURIC_COLOR_TAB,100,5,sc2code/istrtab.h,BINTAB,base/planets/ylgscts_.ct
AURIC_XLAT_TAB,100,6,sc2code/istrtab.h,BINTAB,base/planets/bnd_xlts.xlt
FLUORESCENT_COLOR_TAB,101,5,sc2code/istrtab.h,BINTAB,base/planets/vigscts_.ct
FLUORESCENT_XLAT_TAB,101,6,sc2code/istrtab.h,BINTAB,base/planets/ice_xlts.xlt
ULTRAVIOLET_COLOR_TAB,102,5,sc2code/istrtab.h,BINTAB,base/planets/vigscts_.ct
ULTRAVIOLET_XLAT_TAB,102,6,sc2code/istrtab.h,BINTAB,base/planets/rst_xlts.xlt
PLUTONIC_COLOR_TAB,103,5,sc2code/istrtab.h,BINTAB,base/planets/orgscts_.ct
PLUTONIC_XLAT_TAB,103,6,sc2code/istrtab.h,BINTAB,base/planets/rst_xlts.xlt
RAINBOW_COLOR_TAB,104,5,sc2code/istrtab.h,BINTAB,base/planets/rai_cts_.ct
RAINBOW_XLAT_TAB,104,6,sc2code/istrtab.h,BINTAB,base/planets/rai_xlts.xlt
SHATTERED_COLOR_TAB,105,5,sc2code/istrtab.h,BINTAB,base/planets/hel_cts_.ct
SHATTERED_XLAT_TAB,105,6,sc2code/istrtab.h,BINTAB,base/planets/hel_xlts.xlt
SAPPHIRE_COLOR_TAB,106,5,sc2code/istrtab.h,BINTAB,base/planets/cry_cts_.ct
SAPPHIRE_XLAT_TAB,106,6,sc2code/istrtab.h,BINTAB,base/planets/cry_xlts.xlt
ORGANIC_COLOR_TAB,107,5,sc2code/istrtab.h,BINTAB,base/planets/bnd_cts_.ct
ORGANIC_XLAT_TAB,107,6,sc2code/istrtab.h,BINTAB,base/planets/bnd_xlts.xlt
XENOLITHIC_COLOR_TAB,108,5,sc2code/istrtab.h,BINTAB,base/planets/cygscts_.ct
XENOLITHIC_XLAT_TAB,108,6,sc2code/istrtab.h,BINTAB,base/planets/ice_xlts.xlt
REDUX_COLOR_TAB,109,5,sc2code/istrtab.h,BINTAB,base/planets/rdx_cts_.ct
REDUX_XLAT_TAB,109,6,sc2code/istrtab.h,BINTAB,base/planets/rdx1xlts.xlt
PRIMORDIAL_COLOR_TAB,110,5,sc2code/istrtab.h,BINTAB,base/planets/co2_cts_.ct
PRIMORDIAL_XLAT_TAB,110,6,sc2code/istrtab.h,BINTAB,base/planets/rst_xlts.xlt
EMERALD_COLOR_TAB,111,5,sc2code/istrtab.h,BINTAB,base/planets/eme_cts_.ct
EMERALD_XLAT_TAB,111,6,sc2code/istrtab.h,BINTAB,base/planets/cry_xlts.xlt
CHLORINE_COLOR_TAB,112,5,sc2code/istrtab.h,BINTAB,base/planets/rst_cts_.ct
CHLORINE_XLAT_TAB,112,6,sc2code/istrtab.h,BINTAB,base/planets/h2o_xlts.xlt
MAGNETIC_COLOR_TAB,113,5,sc2code/istrtab.h,BINTAB,base/planets/rdx_cts_.ct
MAGNETIC_XLAT_TAB,113,6,sc2code/istrtab.h,BINTAB,base/planets/ice_xlts.xlt
WATER_COLOR_TAB,114,5,sc2code/istrtab.h,BINTAB,base/planets/h2o_cts_.ct
WATER_XLAT_TAB,114,6,sc2code/istrtab.h,BINTAB,base/planets/h2o_xlts.xlt
TELLURIC_COLOR_TAB,115,5,sc2code/istrtab.h,BINTAB,base/planets/h2o_cts_.ct
TELLURIC_XLAT_TAB,115,6,sc2code/istrtab.h,BINTAB,base/planets/rst_xlts.xlt
HYDROCARBON_COLOR_TAB,116,5,sc2code/istrtab.h,BINTAB,base/planets/www_cts_.ct
HYDROCARBON_XLAT_TAB,116,6,sc2code/istrtab.h,BINTAB,base/planets/bnd_xlts.xlt
IODINE_COLOR_TAB,117,5,sc2code/istrtab.h,BINTAB,base/planets/co2_cts_.ct
IODINE_XLAT_TAB,117,6,sc2code/istrtab.h,BINTAB,base/planets/den_xlts.xlt
VINYLOGOUS_COLOR_TAB,118,5,sc2code/istrtab.h,BINTAB,base/planets/wr1_cts_.ct
VINYLOGOUS_XLAT_TAB,118,6,sc2code/istrtab.h,BINTAB,base/planets/ice_xlts.xlt
RUBY_COLOR_TAB,119,5,sc2code/istrtab.h,BINTAB,base/planets/rub_cts_.ct
RUBY_XLAT_TAB,119,6,sc2code/istrtab.h,BINTAB,base/planets/cry_xlts.xlt
MAGMA_COLOR_TAB,120,5,sc2code/istrtab.h,BINTAB,base/planets/rrr_cts_.ct
MAGMA_XLAT_TAB,120,6,sc2code/istrtab.h,BINTAB,base/planets/bnd_xlts.xlt
MAROON_COLOR_TAB,121,5,sc2code/istrtab.h,BINTAB,base/planets/bbb_cts_.ct
MAROON_XLAT_TAB,121,6,sc2code/istrtab.h,BINTAB,base/planets/den_xlts.xlt
BLU_GAS_COLOR_TAB,122,5,sc2code/istrtab.h,BINTAB,base/planets/bluegasgiant.ct
BLU_GAS_XLAT_TAB,122,6,sc2code/istrtab.h,BINTAB,base/planets/gasgiant.xlt
CYA_GAS_COLOR_TAB,123,5,sc2code/istrtab.h,BINTAB,base/planets/cyangasgiant.ct
CYA_GAS_XLAT_TAB,123,6,sc2code/istrtab.h,BINTAB,base/planets/gasgiant.xlt
GRN_GAS_COLOR_TAB,124,5,sc2code/istrtab.h,BINTAB,base/planets/greengasgiant.ct
GRN_GAS_XLAT_TAB,124,6,sc2code/istrtab.h,BINTAB,base/planets/gasgiant.xlt
GRY_GAS_COLOR_TAB,125,5,sc2code/istrtab.h,BINTAB,base/planets/greygasgiant.ct
GRY_GAS_XLAT_TAB,125,6,sc2code/istrtab.h,BINTAB,base/planets/gasgiant.xlt
ORA_GAS_COLOR_TAB,126,5,sc2code/istrtab.h,BINTAB,base/planets/orangegasgiant.ct
ORA_GAS_XLAT_TAB,126,6,sc2code/istrtab.h,BINTAB,base/planets/gasgiant.xlt
PUR_GAS_COLOR_TAB,127,5,sc2code/istrtab.h,BINTAB,base/planets/purplegasgiant.ct
PUR_GAS_XLAT_TAB,127,6,sc2code/istrtab.h,BINTAB,base/planets/gasgiant.xlt
RED_GAS_COLOR_TAB,128,5,sc2code/istrtab.h,BINTAB,base/planets/redgasgiant.ct
RED_GAS_XLAT_TAB,128,6,sc2code/istrtab.h,BINTAB,base/planets/gasgiant.xlt
VIO_GAS_COLOR_TAB,129,5,sc2code/istrtab.h,BINTAB,base/planets/violetgasgiant.ct
VIO_GAS_XLAT_TAB,129,6,sc2code/istrtab.h,BINTAB,base/planets/gasgiant.xlt
YEL_GAS_COLOR_TAB,130,5,sc2code/istrtab.h,BINTAB,base/planets/yellowgasgiant.ct
YEL_GAS_XLAT_TAB,130,6,sc2code/istrtab.h,BINTAB,base/planets/gasgiant.xlt
MOONBASE_STRTAB,139,77,sc2code/istrtab.h,STRTAB,base/lander/energy/moonbase.txt
MAIDENS_STRTAB,140,78,sc2code/istrtab.h,STRTAB,base/lander/energy/maidens.txt
CHMMR_BASE_STRTAB,141,79,sc2code/istrtab.h,STRTAB,base/lander/energy/chmmrbase.txt
AQUA_STRTAB,142,80,sc2code/istrtab.h,STRTAB,base/lander/energy/aquahelix.txt
BURV_BCS_STRTAB,143,81,sc2code/istrtab.h,STRTAB,base/lander/energy/burvixcaster.txt
TAALO_DEVICE_STRTAB,144,82,sc2code/istrtab.h,STRTAB,base/lander/energy/taalodevice.txt
SUN_DEVICE_STRTAB,145,83,sc2code/istrtab.h,STRTAB,base/lander/energy/sundevice.txt
VAULT_STRTAB,146,84,sc2code/istrtab.h,STRTAB,base/lander/energy/syreenvault.txt
WRECK_STRTAB,147,85,sc2code/istrtab.h,STRTAB,base/lander/energy/urquanwreck.txt
BOMB_STRTAB,148,86,sc2code/istrtab.h,STRTAB,base/lander/energy/utwigbomb.txt
BEAST_STRTAB,149,87,sc2code/istrtab.h,STRTAB,base/lander/bio/vuxbeast.txt
EGG_CASE_STRTAB,150,88,sc2code/istrtab.h,STRTAB,base/lander/energy/eggcase.txt
SPAPLUTO_STRTAB,151,89,sc2code/istrtab.h,STRTAB,base/lander/energy/fwiffo.txt
BURV_RUINS_STRTAB,152,90,sc2code/istrtab.h,STRTAB,base/lander/energy/burvixeseruins.txt
ANDROSYNTH_RUINS_STRTAB,153,91,sc2code/istrtab.h,STRTAB,base/lander/energy/androsynth_ruins.txt
DRUUGE_RUINS_STRTAB,154,92,sc2code/istrtab.h,STRTAB,base/lander/energy/sphere.txt
PKUNK_RUINS_STRTAB,155,93,sc2code/istrtab.h,STRTAB,base/lander/energy/spindle.txt
RUINS_STRTAB,157,94,sc2code/istrtab.h,STRTAB,base/lander/energy/ruins.txt
UMGAH_BCS_STRTAB,158,95,sc2code/istrtab.h,STRTAB,base/lander/energy/umgahcaster.txt
IPSUN_COLOR_MAP,41,96,sc2code/istrtab.h,BINTAB,base/lander/ip_sun.ct
HANGAR_COLOR_TAB,197,97,sc2code/istrtab.h,BINTAB,base/ui/dockpani.ct
INTROPRES_STRTAB,286,98,sc2code/istrtab.h,STRTAB,base/cutscene/intro/intro.txt
FINALPRES_STRTAB,287,99,sc2code/istrtab.h,STRTAB,base/cutscene/ending/ending.txt
CREDITS_STRTAB,289,100,sc2code/istrtab.h,STRTAB,base/cutscene/credits/credits.txt
JOYSTICK_ALPHA_STRTAB,290,101,sc2code/istrtab.h,STRTAB,base/ui/joyalpha.txt
SETUP_MENU_STRTAB,285,287,sc2code/istrtab.h,STRTAB,base/ui/setupmenu.txt
MENU_SOUNDS,32,0,sc2code/isndres.h,SNDRES,base/ui/menu.snd
GAME_SOUNDS,33,1,sc2code/isndres.h,SNDRES,base/battle/gamesnd.snd
LANDER_SOUNDS,42,2,sc2code/isndres.h,SNDRES,base/lander/lander.snd
TITLE_ANIM,2,0,sc2code/igfxres.h,GFXRES,base/ui/title.ani
STATUS_MASK_PMAP_ANIM,28,1,sc2code/igfxres.h,GFXRES,base/ui/status.ani
ACTIVITY_ANIM,28,2,sc2code/igfxres.h,GFXRES,base/ui/activity.ani
PLAYMENU_ANIM,29,3,sc2code/igfxres.h,GFXRES,base/ui/playmenu.ani
FLAGSTAT_MASK_PMAP_ANIM,31,4,sc2code/igfxres.h,GFXRES,base/ui/flagstat.ani
MISCDATA_MASK_PMAP_ANIM,31,5,sc2code/igfxres.h,GFXRES,base/ui/miscdata.ani
STAR_MASK_PMAP_ANIM,34,6,sc2code/igfxres.h,GFXRES,base/battle/stars.ani
ASTEROID_BIG_MASK_PMAP_ANIM,34,7,sc2code/igfxres.h,GFXRES,base/battle/asteroid.big
ASTEROID_MED_MASK_PMAP_ANIM,34,8,sc2code/igfxres.h,GFXRES,base/battle/asteroid.mid
ASTEROID_SML_MASK_PMAP_ANIM,34,9,sc2code/igfxres.h,GFXRES,base/battle/asteroid.sml
BLAST_BIG_MASK_PMAP_ANIM,34,10,sc2code/igfxres.h,GFXRES,base/battle/blabig.ani
BLAST_MED_MASK_PMAP_ANIM,34,11,sc2code/igfxres.h,GFXRES,base/battle/blamed.ani
BLAST_SML_MASK_PMAP_ANIM,34,12,sc2code/igfxres.h,GFXRES,base/battle/blasml.ani
BOOM_BIG_MASK_PMAP_ANIM,34,13,sc2code/igfxres.h,GFXRES,base/battle/boobig.ani
BOOM_MED_MASK_PMAP_ANIM,34,14,sc2code/igfxres.h,GFXRES,base/battle/boomed.ani
BOOM_SML_MASK_PMAP_ANIM,34,15,sc2code/igfxres.h,GFXRES,base/battle/boosml.ani
AMBIENT_MASK_PMAP_ANIM,35,16,sc2code/igfxres.h,GFXRES,base/nav/ambientanim.ani
HYPERSTARS_MASK_PMAP_ANIM,36,17,sc2code/igfxres.h,GFXRES,base/nav/hyperstr.ani
ARISPACE_MASK_PMAP_ANIM,37,18,sc2code/igfxres.h,GFXRES,base/nav/quasispace.ani
IPBKGND_MASK_PMAP_ANIM,40,19,sc2code/igfxres.h,GFXRES,base/nav/obbkgnd.ani
SISIP_MASK_PMAP_ANIM,41,20,sc2code/igfxres.h,GFXRES,base/nav/sis_ip.ani
ORBPLAN_MASK_PMAP_ANIM,41,21,sc2code/igfxres.h,GFXRES,base/nav/orbplan.ani
SUN_MASK_PMAP_ANIM,41,22,sc2code/igfxres.h,GFXRES,base/nav/ip_sun.ani
LANDER_MASK_PMAP_ANIM,42,23,sc2code/igfxres.h,GFXRES,base/lander/lander.ani
QUAKE_MASK_PMAP_ANIM,42,24,sc2code/igfxres.h,GFXRES,base/lander/hazard/quake.ani
LIGHTNING_MASK_ANIM,42,25,sc2code/igfxres.h,GFXRES,base/lander/lightning.ani
LAVA_MASK_PMAP_ANIM,42,26,sc2code/igfxres.h,GFXRES,base/lander/hazard/lavaspot.ani
LANDER_SHIELD_MASK_ANIM,42,27,sc2code/igfxres.h,GFXRES,base/lander/shield.ani
LANDER_LAUNCH_MASK_PMAP_ANIM,42,28,sc2code/igfxres.h,GFXRES,base/lander/launch.ani
LANDER_RETURN_MASK_PMAP_ANIM,42,29,sc2code/igfxres.h,GFXRES,base/lander/return.ani
ORBIT_VIEW_ANIM,43,30,sc2code/igfxres.h,GFXRES,base/nav/orbview.ani
EARTH_MASK_ANIM,44,31,sc2code/igfxres.h,GFXRES,base/planets/earthmask.ani
CANNISTER_MASK_PMAP_ANIM,45,32,sc2code/igfxres.h,GFXRES,base/lander/bio/lifecan.ani
LIFE00_MASK_PMAP_ANIM,46,33,sc2code/igfxres.h,GFXRES,base/lander/bio/lifea.ani
LIFE01_MASK_PMAP_ANIM,47,34,sc2code/igfxres.h,GFXRES,base/lander/bio/lifeb.ani
LIFE02_MASK_PMAP_ANIM,48,35,sc2code/igfxres.h,GFXRES,base/lander/bio/lifec.ani
LIFE03_MASK_PMAP_ANIM,49,36,sc2code/igfxres.h,GFXRES,base/lander/bio/lifed.ani
LIFE04_MASK_PMAP_ANIM,50,37,sc2code/igfxres.h,GFXRES,base/lander/bio/lifee.ani
LIFE05_MASK_PMAP_ANIM,51,38,sc2code/igfxres.h,GFXRES,base/lander/bio/lifef.ani
LIFE06_MASK_PMAP_ANIM,52,39,sc2code/igfxres.h,GFXRES,base/lander/bio/lifeg.ani
LIFE07_MASK_PMAP_ANIM,53,40,sc2code/igfxres.h,GFXRES,base/lander/bio/lifeh.ani
LIFE08_MASK_PMAP_ANIM,54,41,sc2code/igfxres.h,GFXRES,base/lander/bio/lifei.ani
LIFE09_MASK_PMAP_ANIM,55,42,sc2code/igfxres.h,GFXRES,base/lander/bio/lifej.ani
LIFE10_MASK_PMAP_ANIM,56,43,sc2code/igfxres.h,GFXRES,base/lander/bio/lifek.ani
LIFE11_MASK_PMAP_ANIM,57,44,sc2code/igfxres.h,GFXRES,base/lander/bio/lifel.ani
LIFE12_MASK_PMAP_ANIM,58,45,sc2code/igfxres.h,GFXRES,base/lander/bio/lifem.ani
LIFE13_MASK_PMAP_ANIM,59,46,sc2code/igfxres.h,GFXRES,base/lander/bio/lifen.ani
LIFE14_MASK_PMAP_ANIM,60,47,sc2code/igfxres.h,GFXRES,base/lander/bio/lifeo.ani
LIFE15_MASK_PMAP_ANIM,61,48,sc2code/igfxres.h,GFXRES,base/lander/bio/lifep.ani
LIFE16_MASK_PMAP_ANIM,62,49,sc2code/igfxres.h,GFXRES,base/lander/bio/lifeq.ani
LIFE17_MASK_PMAP_ANIM,63,50,sc2code/igfxres.h,GFXRES,base/lander/bio/lifer.ani
LIFE18_MASK_PMAP_ANIM,64,51,sc2code/igfxres.h,GFXRES,base/lander/bio/lifes.ani
LIFE19_MASK_PMAP_ANIM,65,52,sc2code/igfxres.h,GFXRES,base/lander/bio/lifet.ani
LIFE20_MASK_PMAP_ANIM,66,53,sc2code/igfxres.h,GFXRES,base/lander/bio/lifew.ani
LIFE21_MASK_PMAP_ANIM,67,54,sc2code/igfxres.h,GFXRES,base/lander/bio/lifex.ani
LIFE22_MASK_PMAP_ANIM,68,55,sc2code/igfxres.h,GFXRES,base/lander/bio/lifey.ani
LIFE23_MASK_PMAP_ANIM,69,56,sc2code/igfxres.h,GFXRES,base/lander/bio/lifeu.ani
LIFE24_MASK_PMAP_ANIM,70,57,sc2code/igfxres.h,GFXRES,base/lander/bio/lifev.ani
LIFE25_MASK_PMAP_ANIM,71,58,sc2code/igfxres.h,GFXRES,base/lander/bio/lifez.ani
MOONBASE_MASK_PMAP_ANIM,139,59,sc2code/igfxres.h,GFXRES,base/lander/energy/moonbase.ani
MAIDENS_MASK_PMAP_ANIM,140,60,sc2code/igfxres.h,GFXRES,base/lander/energy/maidens.ani
AQUA_MASK_PMAP_ANIM,142,61,sc2code/igfxres.h,GFXRES,base/lander/energy/aquahelix.ani
BURV_BCS_MASK_PMAP_ANIM,143,62,sc2code/igfxres.h,GFXRES,base/lander/energy/burvixcaster.ani
TAALO_DEVICE_MASK_PMAP_ANIM,144,63,sc2code/igfxres.h,GFXRES,base/lander/energy/taalodevice.ani
SUN_DEVICE_MASK_PMAP_ANIM,145,64,sc2code/igfxres.h,GFXRES,base/lander/energy/sundevice.ani
VAULT_MASK_PMAP_ANIM,146,65,sc2code/igfxres.h,GFXRES,base/lander/energy/syreenvault.ani
WRECK_MASK_PMAP_ANIM,147,66,sc2code/igfxres.h,GFXRES,base/lander/energy/urquanwreck.ani
BOMB_MASK_PMAP_ANIM,148,67,sc2code/igfxres.h,GFXRES,base/lander/energy/utwigbomb.ani
EGG_CASE_MASK_PMAP_ANIM,150,68,sc2code/igfxres.h,GFXRES,base/lander/energy/eggcase.ani
SPAPLUTO_MASK_PMAP_ANIM,151,69,sc2code/igfxres.h,GFXRES,base/lander/energy/fwiffo.ani
RUINS_MASK_PMAP_ANIM,156,70,sc2code/igfxres.h,GFXRES,base/lander/energy/ruins.ani
UMGAH_BCS_MASK_PMAP_ANIM,158,71,sc2code/igfxres.h,GFXRES,base/lander/energy/umgahcaster.ani
MELEE_SCREEN_PMAP_ANIM,161,72,sc2code/igfxres.h,GFXRES,base/ui/meleebackground.ani
MELEE_PICK_MASK_PMAP_ANIM,162,73,sc2code/igfxres.h,GFXRES,base/ui/melee.ani
SEGUE_PMAP_ANIM,163,74,sc2code/igfxres.h,GFXRES,base/ui/segue.ani
SC2_PICK_PMAP_ANIM,164,75,sc2code/igfxres.h,GFXRES,base/ui/pickship.ani
RESTART_PMAP_ANIM,193,76,sc2code/igfxres.h,GFXRES,base/ui/newgame.ani
MODULES_PMAP_ANIM,194,77,sc2code/igfxres.h,GFXRES,base/ui/modules.ani
SISMODS_MASK_PMAP_ANIM,195,78,sc2code/igfxres.h,GFXRES,base/ui/sismodules.ani
OUTFIT_PMAP_ANIM,195,79,sc2code/igfxres.h,GFXRES,base/ui/outfit.ani
SISBLU_MASK_ANIM,197,80,sc2code/igfxres.h,GFXRES,base/ui/sisblueprint.ani
SHIPYARD_PMAP_ANIM,197,81,sc2code/igfxres.h,GFXRES,base/ui/shipyard.ani
STARBASE_ANIM,199,82,sc2code/igfxres.h,GFXRES,base/ui/starbase.ani
SAMATRA_BIG_MASK_PMAP_ANIM,200,83,sc2code/igfxres.h,GFXRES,base/planets/sam__big.ani
SHIELDED_BIG_MASK_PMAP_ANIM,201,84,sc2code/igfxres.h,GFXRES,base/planets/shie_big.ani
SHIELDED_MED_MASK_PMAP_ANIM,201,85,sc2code/igfxres.h,GFXRES,base/planets/shie_med.ani
SHIELDED_SML_MASK_PMAP_ANIM,201,86,sc2code/igfxres.h,GFXRES,base/planets/shie_sml.ani
PLANET00_BIG_MASK_PMAP_ANIM,202,87,sc2code/igfxres.h,GFXRES,base/planets/ool__big.ani
PLANET00_MED_MASK_PMAP_ANIM,202,88,sc2code/igfxres.h,GFXRES,base/planets/ool__med.ani
PLANET00_SML_MASK_PMAP_ANIM,202,89,sc2code/igfxres.h,GFXRES,base/planets/ool__sml.ani
PLANET01_BIG_MASK_PMAP_ANIM,203,90,sc2code/igfxres.h,GFXRES,base/planets/ytt__big.ani
PLANET01_MED_MASK_PMAP_ANIM,203,91,sc2code/igfxres.h,GFXRES,base/planets/ytt__med.ani
PLANET01_SML_MASK_PMAP_ANIM,203,92,sc2code/igfxres.h,GFXRES,base/planets/ytt__sml.ani
PLANET02_BIG_MASK_PMAP_ANIM,204,93,sc2code/igfxres.h,GFXRES,base/planets/deg__big.ani
PLANET02_MED_MASK_PMAP_ANIM,204,94,sc2code/igfxres.h,GFXRES,base/planets/deg__med.ani
PLANET02_SML_MASK_PMAP_ANIM,204,95,sc2code/igfxres.h,GFXRES,base/planets/deg__sml.ani
PLANET03_BIG_MASK_PMAP_ANIM,205,96,sc2code/igfxres.h,GFXRES,base/planets/lan__big.ani
PLANET03_MED_MASK_PMAP_ANIM,205,97,sc2code/igfxres.h,GFXRES,base/planets/lan__med.ani
PLANET03_SML_MASK_PMAP_ANIM,205,98,sc2code/igfxres.h,GFXRES,base/planets/lan__sml.ani
PLANET04_BIG_MASK_PMAP_ANIM,206,99,sc2code/igfxres.h,GFXRES,base/planets/tre__big.ani
PLANET04_MED_MASK_PMAP_ANIM,206,100,sc2code/igfxres.h,GFXRES,base/planets/tre__med.ani
PLANET04_SML_MASK_PMAP_ANIM,206,101,sc2code/igfxres.h,GFXRES,base/planets/tre__sml.ani
PLANET05_BIG_MASK_PMAP_ANIM,207,102,sc2code/igfxres.h,GFXRES,base/planets/ure__big.ani
PLANET05_MED_MASK_PMAP_ANIM,207,103,sc2code/igfxres.h,GFXRES,base/planets/ure__med.ani
PLANET05_SML_MASK_PMAP_ANIM,207,104,sc2code/igfxres.h,GFXRES,base/planets/ure__sml.ani
PLANET06_BIG_MASK_PMAP_ANIM,208,105,sc2code/igfxres.h,GFXRES,base/planets/mtl__big.ani
PLANET06_MED_MASK_PMAP_ANIM,208,106,sc2code/igfxres.h,GFXRES,base/planets/mtl__med.ani
PLANET06_SML_MASK_PMAP_ANIM,208,107,sc2code/igfxres.h,GFXRES,base/planets/mtl__sml.ani
PLANET07_BIG_MASK_PMAP_ANIM,209,108,sc2code/igfxres.h,GFXRES,base/planets/rad__big.ani
PLANET07_MED_MASK_PMAP_ANIM,209,109,sc2code/igfxres.h,GFXRES,base/planets/rad__med.ani
PLANET07_SML_MASK_PMAP_ANIM,209,110,sc2code/igfxres.h,GFXRES,base/planets/rad__sml.ani
PLANET08_BIG_MASK_PMAP_ANIM,210,111,sc2code/igfxres.h,GFXRES,base/planets/opa__big.ani
PLANET08_MED_MASK_PMAP_ANIM,210,112,sc2code/igfxres.h,GFXRES,base/planets/opa__med.ani
PLANET08_SML_MASK_PMAP_ANIM,210,113,sc2code/igfxres.h,GFXRES,base/planets/opa__sml.ani
PLANET09_BIG_MASK_PMAP_ANIM,211,114,sc2code/igfxres.h,GFXRES,base/planets/cya__big.ani
PLANET09_MED_MASK_PMAP_ANIM,211,115,sc2code/igfxres.h,GFXRES,base/planets/cya__med.ani
PLANET09_SML_MASK_PMAP_ANIM,211,116,sc2code/igfxres.h,GFXRES,base/planets/cya__sml.ani
PLANET10_BIG_MASK_PMAP_ANIM,212,117,sc2code/igfxres.h,GFXRES,base/planets/aci__big.ani
PLANET10_MED_MASK_PMAP_ANIM,212,118,sc2code/igfxres.h,GFXRES,base/planets/aci__med.ani
PLANET10_SML_MASK_PMAP_ANIM,212,119,sc2code/igfxres.h,GFXRES,base/planets/aci__sml.ani
PLANET11_BIG_MASK_PMAP_ANIM,213,120,sc2code/igfxres.h,GFXRES,base/planets/alk__big.ani
PLANET11_MED_MASK_PMAP_ANIM,213,121,sc2code/igfxres.h,GFXRES,base/planets/alk__med.ani
PLANET11_SML_MASK_PMAP_ANIM,213,122,sc2code/igfxres.h,GFXRES,base/planets/alk__sml.ani
PLANET12_BIG_MASK_PMAP_ANIM,214,123,sc2code/igfxres.h,GFXRES,base/planets/hal__big.ani
PLANET12_MED_MASK_PMAP_ANIM,214,124,sc2code/igfxres.h,GFXRES,base/planets/hal__med.ani
PLANET12_SML_MASK_PMAP_ANIM,214,125,sc2code/igfxres.h,GFXRES,base/planets/hal__sml.ani
PLANET13_BIG_MASK_PMAP_ANIM,215,126,sc2code/igfxres.h,GFXRES,base/planets/gre__big.ani
PLANET13_MED_MASK_PMAP_ANIM,215,127,sc2code/igfxres.h,GFXRES,base/planets/gre__med.ani
PLANET13_SML_MASK_PMAP_ANIM,215,128,sc2code/igfxres.h,GFXRES,base/planets/gre__sml.ani
PLANET14_BIG_MASK_PMAP_ANIM,216,129,sc2code/igfxres.h,GFXRES,base/planets/cop__big.ani
PLANET14_MED_MASK_PMAP_ANIM,216,130,sc2code/igfxres.h,GFXRES,base/planets/cop__med.ani
PLANET14_SML_MASK_PMAP_ANIM,216,131,sc2code/igfxres.h,GFXRES,base/planets/cop__sml.ani
PLANET15_BIG_MASK_PMAP_ANIM,217,132,sc2code/igfxres.h,GFXRES,base/planets/car__big.ani
PLANET15_MED_MASK_PMAP_ANIM,217,133,sc2code/igfxres.h,GFXRES,base/planets/car__med.ani
PLANET15_SML_MASK_PMAP_ANIM,217,134,sc2code/igfxres.h,GFXRES,base/planets/car__sml.ani
PLANET16_BIG_MASK_PMAP_ANIM,218,135,sc2code/igfxres.h,GFXRES,base/planets/ult__big.ani
PLANET16_MED_MASK_PMAP_ANIM,218,136,sc2code/igfxres.h,GFXRES,base/planets/ult__med.ani
PLANET16_SML_MASK_PMAP_ANIM,218,137,sc2code/igfxres.h,GFXRES,base/planets/ult__sml.ani
PLANET17_BIG_MASK_PMAP_ANIM,219,138,sc2code/igfxres.h,GFXRES,base/planets/nob__big.ani
PLANET17_MED_MASK_PMAP_ANIM,219,139,sc2code/igfxres.h,GFXRES,base/planets/nob__med.ani
PLANET17_SML_MASK_PMAP_ANIM,219,140,sc2code/igfxres.h,GFXRES,base/planets/nob__sml.ani
PLANET18_BIG_MASK_PMAP_ANIM,220,141,sc2code/igfxres.h,GFXRES,base/planets/azu__big.ani
PLANET18_MED_MASK_PMAP_ANIM,220,142,sc2code/igfxres.h,GFXRES,base/planets/azu__med.ani
PLANET18_SML_MASK_PMAP_ANIM,220,143,sc2code/igfxres.h,GFXRES,base/planets/azu__sml.ani
PLANET19_BIG_MASK_PMAP_ANIM,221,144,sc2code/igfxres.h,GFXRES,base/planets/cho__big.ani
PLANET19_MED_MASK_PMAP_ANIM,221,145,sc2code/igfxres.h,GFXRES,base/planets/cho__med.ani
PLANET19_SML_MASK_PMAP_ANIM,221,146,sc2code/igfxres.h,GFXRES,base/planets/cho__sml.ani
PLANET20_BIG_MASK_PMAP_ANIM,222,147,sc2code/igfxres.h,GFXRES,base/planets/pur__big.ani
PLANET20_MED_MASK_PMAP_ANIM,222,148,sc2code/igfxres.h,GFXRES,base/planets/pur__med.ani
PLANET20_SML_MASK_PMAP_ANIM,222,149,sc2code/igfxres.h,GFXRES,base/planets/pur__sml.ani
PLANET21_BIG_MASK_PMAP_ANIM,223,150,sc2code/igfxres.h,GFXRES,base/planets/sup__big.ani
PLANET21_MED_MASK_PMAP_ANIM,223,151,sc2code/igfxres.h,GFXRES,base/planets/sup__med.ani
PLANET21_SML_MASK_PMAP_ANIM,223,152,sc2code/igfxres.h,GFXRES,base/planets/sup__sml.ani
PLANET22_BIG_MASK_PMAP_ANIM,224,153,sc2code/igfxres.h,GFXRES,base/planets/pel__big.ani
PLANET22_MED_MASK_PMAP_ANIM,224,154,sc2code/igfxres.h,GFXRES,base/planets/pel__med.ani
PLANET22_SML_MASK_PMAP_ANIM,224,155,sc2code/igfxres.h,GFXRES,base/planets/pel__sml.ani
PLANET23_BIG_MASK_PMAP_ANIM,225,156,sc2code/igfxres.h,GFXRES,base/planets/dus__big.ani
PLANET23_MED_MASK_PMAP_ANIM,225,157,sc2code/igfxres.h,GFXRES,base/planets/dus__med.ani
PLANET23_SML_MASK_PMAP_ANIM,225,158,sc2code/igfxres.h,GFXRES,base/planets/dus__sml.ani
PLANET24_BIG_MASK_PMAP_ANIM,226,159,sc2code/igfxres.h,GFXRES,base/planets/mar__big.ani
PLANET24_MED_MASK_PMAP_ANIM,226,160,sc2code/igfxres.h,GFXRES,base/planets/mar__med.ani
PLANET24_SML_MASK_PMAP_ANIM,226,161,sc2code/igfxres.h,GFXRES,base/planets/mar__sml.ani
PLANET25_BIG_MASK_PMAP_ANIM,227,162,sc2code/igfxres.h,GFXRES,base/planets/cim__big.ani
PLANET25_MED_MASK_PMAP_ANIM,227,163,sc2code/igfxres.h,GFXRES,base/planets/cim__med.ani
PLANET25_SML_MASK_PMAP_ANIM,227,164,sc2code/igfxres.h,GFXRES,base/planets/cim__sml.ani
PLANET26_BIG_MASK_PMAP_ANIM,228,165,sc2code/igfxres.h,GFXRES,base/planets/inf__big.ani
PLANET26_MED_MASK_PMAP_ANIM,228,166,sc2code/igfxres.h,GFXRES,base/planets/inf__med.ani
PLANET26_SML_MASK_PMAP_ANIM,228,167,sc2code/igfxres.h,GFXRES,base/planets/inf__sml.ani
PLANET27_BIG_MASK_PMAP_ANIM,229,168,sc2code/igfxres.h,GFXRES,base/planets/sel__big.ani
PLANET27_MED_MASK_PMAP_ANIM,229,169,sc2code/igfxres.h,GFXRES,base/planets/sel__med.ani
PLANET27_SML_MASK_PMAP_ANIM,229,170,sc2code/igfxres.h,GFXRES,base/planets/sel__sml.ani
PLANET28_BIG_MASK_PMAP_ANIM,230,171,sc2code/igfxres.h,GFXRES,base/planets/aur__big.ani
PLANET28_MED_MASK_PMAP_ANIM,230,172,sc2code/igfxres.h,GFXRES,base/planets/aur__med.ani
PLANET28_SML_MASK_PMAP_ANIM,230,173,sc2code/igfxres.h,GFXRES,base/planets/aur__sml.ani
PLANET29_BIG_MASK_PMAP_ANIM,231,174,sc2code/igfxres.h,GFXRES,base/planets/flu__big.ani
PLANET29_MED_MASK_PMAP_ANIM,231,175,sc2code/igfxres.h,GFXRES,base/planets/flu__med.ani
PLANET29_SML_MASK_PMAP_ANIM,231,176,sc2code/igfxres.h,GFXRES,base/planets/flu__sml.ani
PLANET30_BIG_MASK_PMAP_ANIM,232,177,sc2code/igfxres.h,GFXRES,base/planets/ult__big.ani
PLANET30_MED_MASK_PMAP_ANIM,232,178,sc2code/igfxres.h,GFXRES,base/planets/ult__med.ani
PLANET30_SML_MASK_PMAP_ANIM,232,179,sc2code/igfxres.h,GFXRES,base/planets/ult__sml.ani
PLANET31_BIG_MASK_PMAP_ANIM,233,180,sc2code/igfxres.h,GFXRES,base/planets/plu__big.ani
PLANET31_MED_MASK_PMAP_ANIM,233,181,sc2code/igfxres.h,GFXRES,base/planets/plu__med.ani
PLANET31_SML_MASK_PMAP_ANIM,233,182,sc2code/igfxres.h,GFXRES,base/planets/plu__sml.ani
PLANET32_BIG_MASK_PMAP_ANIM,234,183,sc2code/igfxres.h,GFXRES,base/planets/rai__big.ani
PLANET32_MED_MASK_PMAP_ANIM,234,184,sc2code/igfxres.h,GFXRES,base/planets/rai__med.ani
PLANET32_SML_MASK_PMAP_ANIM,234,185,sc2code/igfxres.h,GFXRES,base/planets/rai__sml.ani
PLANET33_BIG_MASK_PMAP_ANIM,235,186,sc2code/igfxres.h,GFXRES,base/planets/cra__big.ani
PLANET33_MED_MASK_PMAP_ANIM,235,187,sc2code/igfxres.h,GFXRES,base/planets/cra__med.ani
PLANET33_SML_MASK_PMAP_ANIM,235,188,sc2code/igfxres.h,GFXRES,base/planets/cra__sml.ani
PLANET34_BIG_MASK_PMAP_ANIM,236,189,sc2code/igfxres.h,GFXRES,base/planets/sap__big.ani
PLANET34_MED_MASK_PMAP_ANIM,236,190,sc2code/igfxres.h,GFXRES,base/planets/sap__med.ani
PLANET34_SML_MASK_PMAP_ANIM,236,191,sc2code/igfxres.h,GFXRES,base/planets/sap__sml.ani
PLANET35_BIG_MASK_PMAP_ANIM,237,192,sc2code/igfxres.h,GFXRES,base/planets/org__big.ani
PLANET35_MED_MASK_PMAP_ANIM,237,193,sc2code/igfxres.h,GFXRES,base/planets/org__med.ani
PLANET35_SML_MASK_PMAP_ANIM,237,194,sc2code/igfxres.h,GFXRES,base/planets/org__sml.ani
PLANET36_BIG_MASK_PMAP_ANIM,238,195,sc2code/igfxres.h,GFXRES,base/planets/xen__big.ani
PLANET36_MED_MASK_PMAP_ANIM,238,196,sc2code/igfxres.h,GFXRES,base/planets/xen__med.ani
PLANET36_SML_MASK_PMAP_ANIM,238,197,sc2code/igfxres.h,GFXRES,base/planets/xen__sml.ani
PLANET37_BIG_MASK_PMAP_ANIM,239,198,sc2code/igfxres.h,GFXRES,base/planets/red__big.ani
PLANET37_MED_MASK_PMAP_ANIM,239,199,sc2code/igfxres.h,GFXRES,base/planets/red__med.ani
PLANET37_SML_MASK_PMAP_ANIM,239,200,sc2code/igfxres.h,GFXRES,base/planets/red__sml.ani
PLANET38_BIG_MASK_PMAP_ANIM,240,201,sc2code/igfxres.h,GFXRES,base/planets/pri__big.ani
PLANET38_MED_MASK_PMAP_ANIM,240,202,sc2code/igfxres.h,GFXRES,base/planets/pri__med.ani
PLANET38_SML_MASK_PMAP_ANIM,240,203,sc2code/igfxres.h,GFXRES,base/planets/pri__sml.ani
PLANET39_BIG_MASK_PMAP_ANIM,241,204,sc2code/igfxres.h,GFXRES,base/planets/eme__big.ani
PLANET39_MED_MASK_PMAP_ANIM,241,205,sc2code/igfxres.h,GFXRES,base/planets/eme__med.ani
PLANET39_SML_MASK_PMAP_ANIM,241,206,sc2code/igfxres.h,GFXRES,base/planets/eme__sml.ani
PLANET40_BIG_MASK_PMAP_ANIM,242,207,sc2code/igfxres.h,GFXRES,base/planets/chl__big.ani
PLANET40_MED_MASK_PMAP_ANIM,242,208,sc2code/igfxres.h,GFXRES,base/planets/chl__med.ani
PLANET40_SML_MASK_PMAP_ANIM,242,209,sc2code/igfxres.h,GFXRES,base/planets/chl__sml.ani
PLANET41_BIG_MASK_PMAP_ANIM,243,210,sc2code/igfxres.h,GFXRES,base/planets/mgn__big.ani
PLANET41_MED_MASK_PMAP_ANIM,243,211,sc2code/igfxres.h,GFXRES,base/planets/mgn__med.ani
PLANET41_SML_MASK_PMAP_ANIM,243,212,sc2code/igfxres.h,GFXRES,base/planets/mgn__sml.ani
PLANET42_BIG_MASK_PMAP_ANIM,244,213,sc2code/igfxres.h,GFXRES,base/planets/wat__big.ani
PLANET42_MED_MASK_PMAP_ANIM,244,214,sc2code/igfxres.h,GFXRES,base/planets/wat__med.ani
PLANET42_SML_MASK_PMAP_ANIM,244,215,sc2code/igfxres.h,GFXRES,base/planets/wat__sml.ani
PLANET43_BIG_MASK_PMAP_ANIM,245,216,sc2code/igfxres.h,GFXRES,base/planets/tel__big.ani
PLANET43_MED_MASK_PMAP_ANIM,245,217,sc2code/igfxres.h,GFXRES,base/planets/tel__med.ani
PLANET43_SML_MASK_PMAP_ANIM,245,218,sc2code/igfxres.h,GFXRES,base/planets/tel__sml.ani
PLANET44_BIG_MASK_PMAP_ANIM,246,219,sc2code/igfxres.h,GFXRES,base/planets/hyd__big.ani
PLANET44_MED_MASK_PMAP_ANIM,246,220,sc2code/igfxres.h,GFXRES,base/planets/hyd__med.ani
PLANET44_SML_MASK_PMAP_ANIM,246,221,sc2code/igfxres.h,GFXRES,base/planets/hyd__sml.ani
PLANET45_BIG_MASK_PMAP_ANIM,247,222,sc2code/igfxres.h,GFXRES,base/planets/iod__big.ani
PLANET45_MED_MASK_PMAP_ANIM,247,223,sc2code/igfxres.h,GFXRES,base/planets/iod__med.ani
PLANET45_SML_MASK_PMAP_ANIM,247,224,sc2code/igfxres.h,GFXRES,base/planets/iod__sml.ani
PLANET46_BIG_MASK_PMAP_ANIM,248,225,sc2code/igfxres.h,GFXRES,base/planets/vin__big.ani
PLANET46_MED_MASK_PMAP_ANIM,248,226,sc2code/igfxres.h,GFXRES,base/planets/vin__med.ani
PLANET46_SML_MASK_PMAP_ANIM,248,227,sc2code/igfxres.h,GFXRES,base/planets/vin__sml.ani
PLANET47_BIG_MASK_PMAP_ANIM,249,228,sc2code/igfxres.h,GFXRES,base/planets/rub__big.ani
PLANET47_MED_MASK_PMAP_ANIM,249,229,sc2code/igfxres.h,GFXRES,base/planets/rub__med.ani
PLANET47_SML_MASK_PMAP_ANIM,249,230,sc2code/igfxres.h,GFXRES,base/planets/rub__sml.ani
PLANET48_BIG_MASK_PMAP_ANIM,250,231,sc2code/igfxres.h,GFXRES,base/planets/mgm__big.ani
PLANET48_MED_MASK_PMAP_ANIM,250,232,sc2code/igfxres.h,GFXRES,base/planets/mgm__med.ani
PLANET48_SML_MASK_PMAP_ANIM,250,233,sc2code/igfxres.h,GFXRES,base/planets/mgm__sml.ani
PLANET49_BIG_MASK_PMAP_ANIM,251,234,sc2code/igfxres.h,GFXRES,base/planets/cri__big.ani
PLANET49_MED_MASK_PMAP_ANIM,251,235,sc2code/igfxres.h,GFXRES,base/planets/cri__med.ani
PLANET49_SML_MASK_PMAP_ANIM,251,236,sc2code/igfxres.h,GFXRES,base/planets/cri__sml.ani
PLANET50_BIG_MASK_PMAP_ANIM,252,237,sc2code/igfxres.h,GFXRES,base/planets/blg__big.ani
PLANET50_MED_MASK_PMAP_ANIM,252,238,sc2code/igfxres.h,GFXRES,base/planets/blg__med.ani
PLANET50_SML_MASK_PMAP_ANIM,252,239,sc2code/igfxres.h,GFXRES,base/planets/blg__sml.ani
PLANET51_BIG_MASK_PMAP_ANIM,253,240,sc2code/igfxres.h,GFXRES,base/planets/cyg__big.ani
PLANET51_MED_MASK_PMAP_ANIM,253,241,sc2code/igfxres.h,GFXRES,base/planets/cyg__med.ani
PLANET51_SML_MASK_PMAP_ANIM,253,242,sc2code/igfxres.h,GFXRES,base/planets/cyg__sml.ani
PLANET52_BIG_MASK_PMAP_ANIM,254,243,sc2code/igfxres.h,GFXRES,base/planets/gng__big.ani
PLANET52_MED_MASK_PMAP_ANIM,254,244,sc2code/igfxres.h,GFXRES,base/planets/gng__med.ani
PLANET52_SML_MASK_PMAP_ANIM,254,245,sc2code/igfxres.h,GFXRES,base/planets/gng__sml.ani
PLANET53_BIG_MASK_PMAP_ANIM,255,246,sc2code/igfxres.h,GFXRES,base/planets/gyg__big.ani
PLANET53_MED_MASK_PMAP_ANIM,255,247,sc2code/igfxres.h,GFXRES,base/planets/gyg__med.ani
PLANET53_SML_MASK_PMAP_ANIM,255,248,sc2code/igfxres.h,GFXRES,base/planets/gyg__sml.ani
PLANET54_BIG_MASK_PMAP_ANIM,256,249,sc2code/igfxres.h,GFXRES,base/planets/org__big.ani
PLANET54_MED_MASK_PMAP_ANIM,256,250,sc2code/igfxres.h,GFXRES,base/planets/org__med.ani
PLANET54_SML_MASK_PMAP_ANIM,256,251,sc2code/igfxres.h,GFXRES,base/planets/org__sml.ani
PLANET55_BIG_MASK_PMAP_ANIM,257,252,sc2code/igfxres.h,GFXRES,base/planets/pug__big.ani
PLANET55_MED_MASK_PMAP_ANIM,257,253,sc2code/igfxres.h,GFXRES,base/planets/pug__med.ani
PLANET55_SML_MASK_PMAP_ANIM,257,254,sc2code/igfxres.h,GFXRES,base/planets/pug__sml.ani
PLANET56_BIG_MASK_PMAP_ANIM,258,255,sc2code/igfxres.h,GFXRES,base/planets/reg__big.ani
PLANET56_MED_MASK_PMAP_ANIM,258,256,sc2code/igfxres.h,GFXRES,base/planets/reg__med.ani
PLANET56_SML_MASK_PMAP_ANIM,258,257,sc2code/igfxres.h,GFXRES,base/planets/reg__sml.ani
PLANET57_BIG_MASK_PMAP_ANIM,259,258,sc2code/igfxres.h,GFXRES,base/planets/vig__big.ani
PLANET57_MED_MASK_PMAP_ANIM,259,259,sc2code/igfxres.h,GFXRES,base/planets/vig__med.ani
PLANET57_SML_MASK_PMAP_ANIM,259,260,sc2code/igfxres.h,GFXRES,base/planets/vig__sml.ani
PLANET58_BIG_MASK_PMAP_ANIM,260,261,sc2code/igfxres.h,GFXRES,base/planets/yeg__big.ani
PLANET58_MED_MASK_PMAP_ANIM,260,262,sc2code/igfxres.h,GFXRES,base/planets/yeg__med.ani
PLANET58_SML_MASK_PMAP_ANIM,260,263,sc2code/igfxres.h,GFXRES,base/planets/yeg__sml.ani
CREDITS_BACK_ANIM,262,264,sc2code/igfxres.h,GFXRES,base/cutscene/credits/credback.ani
SISSKEL_MASK_PMAP_ANIM,283,284,sc2code/igfxres.h,GFXRES,base/cutscene/ending/sis_skel.ani
ORBENTER_PMAP_ANIM,284,285,sc2code/igfxres.h,GFXRES,base/nav/orbitenter.ani
MENUBKG_PMAP_ANIM,285,286,sc2code/igfxres.h,GFXRES,base/ui/setupmenu.ani
FONTGRAD_PMAP_ANIM,31,287,sc2code/igfxres.h,GFXRES,base/fonts/fontgrad.ani
LANDER_FONTEFF_PMAP_ANIM,138,288,sc2code/igfxres.h,GFXRES,base/lander/fonteffect.ani
DRUUGE_MUSIC,504,0,sc2code/comm/druuge/imusicre.h,MUSICRES,base/comm/druuge/druuge.mod
DRUUGE_FONT,504,1,sc2code/comm/druuge/ifontres.h,FONTRES,base/fonts/druuge.fon
DRUUGE_CONVERSATION_PHRASES,504,2,sc2code/comm/druuge/istrtab.h,CONVERSATION,base/comm/druuge/druuge.txt
DRUUGE_COLOR_MAP,504,3,sc2code/comm/druuge/istrtab.h,BINTAB,base/comm/druuge/druuge.ct
DRUUGE_PMAP_ANIM,504,4,sc2code/comm/druuge/igfxres.h,GFXRES,base/comm/druuge/druuge.ani
SLYLAND_MUSIC,512,0,sc2code/comm/slyland/imusicre.h,MUSICRES,base/comm/slylandro/slylandro.mod
SLYLAND_FONT,512,1,sc2code/comm/slyland/ifontres.h,FONTRES,base/fonts/slylandro.fon
SLYLAND_CONVERSATION_PHRASES,512,2,sc2code/comm/slyland/istrtab.h,CONVERSATION,base/comm/slylandro/slylandro.txt
SLYLAND_COLOR_MAP,512,3,sc2code/comm/slyland/istrtab.h,BINTAB,base/comm/slylandro/slylandro.ct
SLYLAND_PMAP_ANIM,512,4,sc2code/comm/slyland/igfxres.h,GFXRES,base/comm/slylandro/slylandro.ani
UTWIG_MUSIC,520,0,sc2code/comm/utwig/imusicre.h,MUSICRES,base/comm/utwig/utwig.mod
UTWIG_ULTRON_MUSIC,520,1,sc2code/comm/utwig/imusicre.h,--,--
UTWIG_FONT,520,2,sc2code/comm/utwig/ifontres.h,FONTRES,base/fonts/utwig.fon
UTWIG_CONVERSATION_PHRASES,520,3,sc2code/comm/utwig/istrtab.h,CONVERSATION,base/comm/utwig/utwig.txt
UTWIG_COLOR_MAP,520,4,sc2code/comm/utwig/istrtab.h,BINTAB,base/comm/utwig/utwig.ct
UTWIG_PMAP_ANIM,520,5,sc2code/comm/utwig/igfxres.h,GFXRES,base/comm/utwig/utwig.ani
URQUAN_MUSIC,519,0,sc2code/comm/urquan/imusicre.h,MUSICRES,base/comm/urquan/urquan.mod
URQUAN_FONT,519,1,sc2code/comm/urquan/ifontres.h,FONTRES,base/fonts/urquan.fon
URQUAN_CONVERSATION_PHRASES,519,2,sc2code/comm/urquan/istrtab.h,CONVERSATION,base/comm/urquan/urquan.txt
URQUAN_COLOR_MAP,519,3,sc2code/comm/urquan/istrtab.h,BINTAB,base/comm/urquan/urquan.ct
URQUAN_PMAP_ANIM,519,4,sc2code/comm/urquan/igfxres.h,GFXRES,base/comm/urquan/urquan.ani
CHMMR_MUSIC,502,0,sc2code/comm/chmmr/imusicre.h,MUSICRES,base/comm/chmmr/chmmr.mod
CHMMR_FONT,502,1,sc2code/comm/chmmr/ifontres.h,FONTRES,base/fonts/chmmr.fon
CHMMR_CONVERSATION_PHRASES,502,2,sc2code/comm/chmmr/istrtab.h,CONVERSATION,base/comm/chmmr/chmmr.txt
CHMMR_COLOR_MAP,502,3,sc2code/comm/chmmr/istrtab.h,BINTAB,base/comm/chmmr/chmmr.ct
CHMMR_PMAP_ANIM,502,4,sc2code/comm/chmmr/igfxres.h,GFXRES,base/comm/chmmr/chmmr.ani
MYCON_MUSIC,507,0,sc2code/comm/mycon/imusicre.h,MUSICRES,base/comm/mycon/mycon.mod
MYCON_FONT,507,1,sc2code/comm/mycon/ifontres.h,FONTRES,base/fonts/mycon.fon
MYCON_CONVERSATION_PHRASES,507,2,sc2code/comm/mycon/istrtab.h,CONVERSATION,base/comm/mycon/mycon.txt
MYCON_COLOR_MAP,507,3,sc2code/comm/mycon/istrtab.h,BINTAB,base/comm/mycon/mycon.ct
MYCON_PMAP_ANIM,507,4,sc2code/comm/mycon/igfxres.h,GFXRES,base/comm/mycon/mycon.ani
SLYLANDRO_MUSIC,511,0,sc2code/comm/slyhome/imusicre.h,MUSICRES,base/comm/slyhome/slyhome.mod
SLYLANDRO_FONT,511,1,sc2code/comm/slyhome/ifontres.h,FONTRES,base/fonts/slyhome.fon
SLYLANDRO_CONVERSATION_PHRASES,511,2,sc2code/comm/slyhome/istrtab.h,CONVERSATION,base/comm/slyhome/slyhome.txt
SLYLANDRO_COLOR_MAP,511,3,sc2code/comm/slyhome/istrtab.h,BINTAB,base/comm/slyhome/slyhome.ct
SLYLANDRO_PMAP_ANIM,511,4,sc2code/comm/slyhome/igfxres.h,GFXRES,base/comm/slyhome/slyhome.ani
ZOQFOTPIK_MUSIC,523,0,sc2code/comm/zoqfot/imusicre.h,MUSICRES,base/comm/zoqfotpik/zoqfotpik.mod
ZOQFOTPIK_FONT,523,1,sc2code/comm/zoqfot/ifontres.h,FONTRES,base/fonts/zoqfotpik.fon
ZOQFOTPIK_CONVERSATION_PHRASES,523,2,sc2code/comm/zoqfot/istrtab.h,CONVERSATION,base/comm/zoqfotpik/zoqfotpik.txt
ZOQFOTPIK_COLOR_MAP,523,3,sc2code/comm/zoqfot/istrtab.h,BINTAB,base/comm/zoqfotpik/zoqfotpik.ct
ZOQFOTPIK_PMAP_ANIM,523,4,sc2code/comm/zoqfot/igfxres.h,GFXRES,base/comm/zoqfotpik/zoqfotpik.ani
VUX_MUSIC,521,0,sc2code/comm/vux/imusicre.h,MUSICRES,base/comm/vux/vux.mod
VUX_FONT,521,1,sc2code/comm/vux/ifontres.h,FONTRES,base/fonts/vux.fon
VUX_CONVERSATION_PHRASES,521,2,sc2code/comm/vux/istrtab.h,CONVERSATION,base/comm/vux/vux.txt
VUX_COLOR_MAP,521,3,sc2code/comm/vux/istrtab.h,BINTAB,base/comm/vux/vux.ct
VUX_PMAP_ANIM,521,4,sc2code/comm/vux/igfxres.h,GFXRES,base/comm/vux/vux.ani
ARILOU_MUSIC,500,0,sc2code/comm/arilou/imusicre.h,MUSICRES,base/comm/arilou/arilou.mod
ARILOU_FONT,500,1,sc2code/comm/arilou/ifontres.h,FONTRES,base/fonts/arilou.fon
ARILOU_CONVERSATION_PHRASES,500,2,sc2code/comm/arilou/istrtab.h,CONVERSATION,base/comm/arilou/arilou.txt
ARILOU_PMAP_ANIM,500,3,sc2code/comm/arilou/igfxres.h,GFXRES,base/comm/arilou/arilou.ani
ARILOU_COLOR_MAP,500,4,sc2code/comm/arilou/igfxres.h,BINTAB,base/comm/arilou/arilou.ct
COMMANDER_MUSIC,503,0,sc2code/comm/comandr/imusicre.h,MUSICRES,base/comm/commander/commander.mod
STARBASE_ALT_MUSIC,503,1,sc2code/comm/comandr/imusicre.h,--,--
COMMANDER_LOWPOW_MUSIC,503,2,sc2code/comm/comandr/imusicre.h,--,--
COMMANDER_FONT,503,3,sc2code/comm/comandr/ifontres.h,FONTRES,base/fonts/commander.fon
COMMANDER_COLOR_MAP,503,4,sc2code/comm/comandr/istrtab.h,BINTAB,base/comm/commander/commander.ct
COMMANDER_CONVERSATION_PHRASES,503,5,sc2code/comm/comandr/istrtab.h,CONVERSATION,base/comm/commander/commander.txt
STARBASE_CONVERSATION_PHRASES,503,6,sc2code/comm/comandr/istrtab.h,CONVERSATION,base/comm/starbase/starbase.txt
COMMANDER_PMAP_ANIM,503,7,sc2code/comm/comandr/igfxres.h,GFXRES,base/comm/commander/commander.ani
SPATHI_MUSIC,513,0,sc2code/comm/spathi/imusicre.h,MUSICRES,base/comm/spathi/spathi.mod
SPAHOME_MUSIC,513,1,sc2code/comm/spathi/imusicre.h,MUSICRES,base/comm/spathi/spathi.mod
FWIFFO_MUSIC,513,2,sc2code/comm/spathi/imusicre.h,--,--
SPATHI_FONT,513,3,sc2code/comm/spathi/ifontres.h,FONTRES,base/fonts/spathi.fon
SPATHI_CONVERSATION_PHRASES,513,4,sc2code/comm/spathi/istrtab.h,CONVERSATION,base/comm/spathi/spathi.txt
SPATHI_HOME_COLOR_MAP,513,5,sc2code/comm/spathi/istrtab.h,BINTAB,base/comm/spahome/spahome.ct
SPATHI_HOME_CONVERSATION_PHRASES,513,6,sc2code/comm/spathi/istrtab.h,CONVERSATION,base/comm/spahome/spahome.txt
SPATHI_COLOR_MAP,513,7,sc2code/comm/spathi/istrtab.h,BINTAB,base/comm/spathi/spathi.ct
SPATHI_PMAP_ANIM,513,8,sc2code/comm/spathi/igfxres.h,GFXRES,base/comm/spathi/spathi.ani
SPATHI_HOME_PMAP_ANIM,513,9,sc2code/comm/spathi/igfxres.h,GFXRES,base/comm/spahome/spahome.ani
PKUNK_MUSIC,509,0,sc2code/comm/pkunk/imusicre.h,MUSICRES,base/comm/pkunk/pkunk.mod
PKUNK_FONT,509,1,sc2code/comm/pkunk/ifontres.h,FONTRES,base/fonts/pkunk.fon
PKUNK_CONVERSATION_PHRASES,509,2,sc2code/comm/pkunk/istrtab.h,CONVERSATION,base/comm/pkunk/pkunk.txt
PKUNK_COLOR_MAP,509,3,sc2code/comm/pkunk/istrtab.h,BINTAB,base/comm/pkunk/pkunk.ct
PKUNK_PMAP_ANIM,509,4,sc2code/comm/pkunk/igfxres.h,GFXRES,base/comm/pkunk/pkunk.ani
SHOFIXTI_MUSIC,510,0,sc2code/comm/shofixt/imusicre.h,MUSICRES,base/comm/shofixti/shofixti.mod
SHOFIXTI_FONT,510,1,sc2code/comm/shofixt/ifontres.h,FONTRES,base/fonts/shofixti.fon
SHOFIXTI_CONVERSATION_PHRASES,510,2,sc2code/comm/shofixt/istrtab.h,CONVERSATION,base/comm/shofixti/shofixti.txt
SHOFIXTI_COLOR_MAP,510,3,sc2code/comm/shofixt/istrtab.h,BINTAB,base/comm/shofixti/shofixti.ct
SHOFIXTI_PMAP_ANIM,510,4,sc2code/comm/shofixt/igfxres.h,GFXRES,base/comm/shofixti/shofixti.ani
UMGAH_MUSIC,518,0,sc2code/comm/umgah/imusicre.h,MUSICRES,base/comm/umgah/umgah.mod
UMGAH_FONT,518,1,sc2code/comm/umgah/ifontres.h,FONTRES,base/fonts/umgah.fon
UMGAH_CONVERSATION_PHRASES,518,2,sc2code/comm/umgah/istrtab.h,CONVERSATION,base/comm/umgah/umgah.txt
UMGAH_COLOR_MAP,518,3,sc2code/comm/umgah/istrtab.h,BINTAB,base/comm/umgah/umgah.ct
UMGAH_PMAP_ANIM,518,4,sc2code/comm/umgah/igfxres.h,GFXRES,base/comm/umgah/umgah.ani
ILWRATH_MUSIC,505,0,sc2code/comm/ilwrath/imusicre.h,MUSICRES,base/comm/ilwrath/ilwrath.mod
ILWRATH_FONT,505,1,sc2code/comm/ilwrath/ifontres.h,FONTRES,base/fonts/ilwrath.fon
ILWRATH_CONVERSATION_PHRASES,505,2,sc2code/comm/ilwrath/istrtab.h,CONVERSATION,base/comm/ilwrath/ilwrath.txt
ILWRATH_COLOR_MAP,505,3,sc2code/comm/ilwrath/istrtab.h,BINTAB,base/comm/ilwrath/ilwrath.ct
ILWRATH_PMAP_ANIM,505,4,sc2code/comm/ilwrath/igfxres.h,GFXRES,base/comm/ilwrath/ilwrath.ani
SYREEN_MUSIC,515,0,sc2code/comm/syreen/imusicre.h,MUSICRES,base/comm/syreen/syreen.mod
SYREEN_FONT,515,1,sc2code/comm/syreen/ifontres.h,FONTRES,base/fonts/syreen.fon
SYREEN_CONVERSATION_PHRASES,515,2,sc2code/comm/syreen/istrtab.h,CONVERSATION,base/comm/syreen/syreen.txt
SYREEN_COLOR_MAP,515,3,sc2code/comm/syreen/istrtab.h,BINTAB,base/comm/syreen/syreen.ct
SYREEN_PMAP_ANIM,515,4,sc2code/comm/syreen/igfxres.h,GFXRES,base/comm/syreen/syreen.ani
MELNORME_MUSIC,506,0,sc2code/comm/melnorm/imusicre.h,MUSICRES,base/comm/melnorme/melnorme.mod
MELNORME_FONT,506,1,sc2code/comm/melnorm/ifontres.h,FONTRES,base/fonts/melnorme.fon
MELNORME_CONVERSATION_PHRASES,506,2,sc2code/comm/melnorm/istrtab.h,CONVERSATION,base/comm/melnorme/melnorme.txt
MELNORME_COLOR_MAP,506,3,sc2code/comm/melnorm/istrtab.h,BINTAB,base/comm/melnorme/melnorme.ct
MELNORME_PMAP_ANIM,506,4,sc2code/comm/melnorm/igfxres.h,GFXRES,base/comm/melnorme/melnorme.ani
BLACKURQ_MUSIC,501,0,sc2code/comm/blackur/imusicre.h,MUSICRES,base/comm/kohrah/kohrah.mod
BLACKURQ_FONT,501,1,sc2code/comm/blackur/ifontres.h,FONTRES,base/fonts/kohrah.fon
BLACKURQ_CONVERSATION_PHRASES,501,2,sc2code/comm/blackur/istrtab.h,CONVERSATION,base/comm/kohrah/kohrah.txt
BLACKURQ_COLOR_MAP,501,3,sc2code/comm/blackur/istrtab.h,BINTAB,base/comm/kohrah/kohrah.ct
BLACKURQ_PMAP_ANIM,501,4,sc2code/comm/blackur/igfxres.h,GFXRES,base/comm/kohrah/kohrah.ani
TALKING_PET_MUSIC,516,0,sc2code/comm/talkpet/imusicre.h,MUSICRES,base/comm/talkingpet/talkingpet.mod
TALKING_PET_FONT,516,1,sc2code/comm/talkpet/ifontres.h,FONTRES,base/fonts/talkingpet.fon
TALKING_PET_CONVERSATION_PHRASES,516,2,sc2code/comm/talkpet/istrtab.h,CONVERSATION,base/comm/talkingpet/talkingpet.txt
TALKING_PET_COLOR_MAP,516,3,sc2code/comm/talkpet/istrtab.h,BINTAB,base/comm/talkingpet/talkingpet.ct
TALKING_PET_PMAP_ANIM,516,4,sc2code/comm/talkpet/igfxres.h,GFXRES,base/comm/talkingpet/talkingpet.ani
YEHAT_MUSIC,522,0,sc2code/comm/yehat/imusicre.h,MUSICRES,base/comm/yehat/yehat.mod
REBEL_MUSIC,522,1,sc2code/comm/yehat/imusicre.h,--,--
YEHAT_FONT,522,2,sc2code/comm/yehat/ifontres.h,FONTRES,base/fonts/yehat.fon
YEHAT_CONVERSATION_PHRASES,522,3,sc2code/comm/yehat/istrtab.h,CONVERSATION,base/comm/yehat/yehat.txt
REBEL_CONVERSATION_PHRASES,522,4,sc2code/comm/yehat/istrtab.h,CONVERSATION,base/comm/yehatrebels/yehatrebels.txt
YEHAT_COLOR_MAP,522,5,sc2code/comm/yehat/istrtab.h,BINTAB,base/comm/yehat/yehat.ct
YEHAT_PMAP_ANIM,522,6,sc2code/comm/yehat/igfxres.h,GFXRES,base/comm/yehat/yehat.ani
SUPOX_MUSIC,514,0,sc2code/comm/supox/imusicre.h,MUSICRES,base/comm/supox/supox.mod
SUPOX_FONT,514,1,sc2code/comm/supox/ifontres.h,FONTRES,base/fonts/supox.fon
SUPOX_CONVERSATION_PHRASES,514,2,sc2code/comm/supox/istrtab.h,CONVERSATION,base/comm/supox/supox.txt
SUPOX_COLOR_MAP,514,3,sc2code/comm/supox/istrtab.h,BINTAB,base/comm/supox/supox.ct
SUPOX_PMAP_ANIM,514,4,sc2code/comm/supox/igfxres.h,GFXRES,base/comm/supox/supox.ani
THRADD_MUSIC,517,0,sc2code/comm/thradd/imusicre.h,MUSICRES,base/comm/thraddash/thraddash.mod
THRADD_FONT,517,1,sc2code/comm/thradd/ifontres.h,FONTRES,base/fonts/thraddash.fon
THRADD_CONVERSATION_PHRASES,517,2,sc2code/comm/thradd/istrtab.h,CONVERSATION,base/comm/thraddash/thraddash.txt
THRADD_COLOR_MAP,517,3,sc2code/comm/thradd/istrtab.h,BINTAB,base/comm/thraddash/thraddash.ct
THRADD_PMAP_ANIM,517,4,sc2code/comm/thradd/igfxres.h,GFXRES,base/comm/thraddash/thraddash.ani
ORZ_MUSIC,508,0,sc2code/comm/orz/imusicre.h,MUSICRES,base/comm/orz/orz.mod
ORZ_FONT,508,1,sc2code/comm/orz/ifontres.h,FONTRES,base/fonts/orz.fon
ORZ_CONVERSATION_PHRASES,508,2,sc2code/comm/orz/istrtab.h,CONVERSATION,base/comm/orz/orz.txt
ORZ_COLOR_MAP,508,3,sc2code/comm/orz/istrtab.h,BINTAB,base/comm/orz/orz.ct
ORZ_PMAP_ANIM,508,4,sc2code/comm/orz/igfxres.h,GFXRES,base/comm/orz/orz.ani
DRUUGE_CODE,705,0,sc2code/ships/druuge/icode.h,SHIP,5
DRUUGE_VICTORY_SONG,705,0,sc2code/ships/druuge/imusicre.h,MUSICRES,base/ships/druuge/druditty.mod
DRUUGE_RACE_STRINGS,705,1,sc2code/ships/druuge/istrtab.h,STRTAB,base/ships/druuge/drutext.txt
DRUUGE_SHIP_SOUNDS,705,2,sc2code/ships/druuge/isndres.h,SNDRES,base/ships/druuge/drusound.snd
DRUUGE_ICON_MASK_PMAP_ANIM,705,3,sc2code/ships/druuge/igfxres.h,GFXRES,base/ships/druuge/druicons.ani
DRUUGE_MICON_MASK_PMAP_ANIM,705,4,sc2code/ships/druuge/igfxres.h,GFXRES,base/ships/druuge/drumicon.ani
DRUUGE_BIG_MASK_PMAP_ANIM,705,5,sc2code/ships/druuge/igfxres.h,GFXRES,base/ships/druuge/druuge.big
DRUUGE_MED_MASK_PMAP_ANIM,705,6,sc2code/ships/druuge/igfxres.h,GFXRES,base/ships/druuge/druuge.med
DRUUGE_SML_MASK_PMAP_ANIM,705,7,sc2code/ships/druuge/igfxres.h,GFXRES,base/ships/druuge/druuge.sml
DRUUGE_CANNON_BIG_MASK_PMAP_ANIM,705,8,sc2code/ships/druuge/igfxres.h,GFXRES,base/ships/druuge/canbig.ani
DRUUGE_CANNON_MED_MASK_PMAP_ANIM,705,9,sc2code/ships/druuge/igfxres.h,GFXRES,base/ships/druuge/canmed.ani
DRUUGE_CANNON_SML_MASK_PMAP_ANIM,705,10,sc2code/ships/druuge/igfxres.h,GFXRES,base/ships/druuge/cansml.ani
DRUUGE_CAPT_MASK_PMAP_ANIM,705,11,sc2code/ships/druuge/igfxres.h,GFXRES,base/ships/druuge/drucap.ani
SLYLANDRO_CODE,717,0,sc2code/ships/slylandr/icode.h,SHIP,14
SLYLANDRO_VICTORY_SONG,717,0,sc2code/ships/slylandr/imusicre.h,MUSICRES,base/ships/slylandr/slyditty.mod
SLYLANDRO_RACE_STRINGS,717,1,sc2code/ships/slylandr/istrtab.h,STRTAB,base/ships/slylandr/slytext.txt
SLYLANDRO_SHIP_SOUNDS,717,2,sc2code/ships/slylandr/isndres.h,SNDRES,base/ships/slylandr/slysound.snd
SLYLANDRO_ICON_MASK_PMAP_ANIM,717,3,sc2code/ships/slylandr/igfxres.h,GFXRES,base/ships/slylandr/slyicons.ani
SLYLANDRO_MICON_MASK_PMAP_ANIM,717,4,sc2code/ships/slylandr/igfxres.h,GFXRES,base/ships/slylandr/slymicon.ani
SLYLANDRO_BIG_MASK_PMAP_ANIM,717,5,sc2code/ships/slylandr/igfxres.h,GFXRES,base/ships/slylandr/slylandr.big
SLYLANDRO_MED_MASK_PMAP_ANIM,717,6,sc2code/ships/slylandr/igfxres.h,GFXRES,base/ships/slylandr/slylandr.med
SLYLANDRO_SML_MASK_PMAP_ANIM,717,7,sc2code/ships/slylandr/igfxres.h,GFXRES,base/ships/slylandr/slylandr.sml
SLYLANDRO_CAPTAIN_MASK_PMAP_ANIM,717,8,sc2code/ships/slylandr/igfxres.h,GFXRES,base/ships/slylandr/slycap.ani
UTWIG_CODE,724,0,sc2code/ships/utwig/icode.h,SHIP,21
UTWIG_VICTORY_SONG,724,0,sc2code/ships/utwig/imusicre.h,MUSICRES,base/ships/utwig/utwditty.mod
UTWIG_RACE_STRINGS,724,1,sc2code/ships/utwig/istrtab.h,STRTAB,base/ships/utwig/utwtext.txt
UTWIG_SHIP_SOUNDS,724,2,sc2code/ships/utwig/isndres.h,SNDRES,base/ships/utwig/utwsound.snd
UTWIG_ICON_MASK_PMAP_ANIM,724,3,sc2code/ships/utwig/igfxres.h,GFXRES,base/ships/utwig/utwicons.ani
UTWIG_MICON_MASK_PMAP_ANIM,724,4,sc2code/ships/utwig/igfxres.h,GFXRES,base/ships/utwig/utwmicon.ani
UTWIG_BIG_MASK_PMAP_ANIM,724,5,sc2code/ships/utwig/igfxres.h,GFXRES,base/ships/utwig/utwig.big
UTWIG_MED_MASK_PMAP_ANIM,724,6,sc2code/ships/utwig/igfxres.h,GFXRES,base/ships/utwig/utwig.med
UTWIG_SML_MASK_PMAP_ANIM,724,7,sc2code/ships/utwig/igfxres.h,GFXRES,base/ships/utwig/utwig.sml
LANCE_BIG_MASK_PMAP_ANIM,724,8,sc2code/ships/utwig/igfxres.h,GFXRES,base/ships/utwig/lanbig.ani
LANCE_MED_MASK_PMAP_ANIM,724,9,sc2code/ships/utwig/igfxres.h,GFXRES,base/ships/utwig/lanmed.ani
LANCE_SML_MASK_PMAP_ANIM,724,10,sc2code/ships/utwig/igfxres.h,GFXRES,base/ships/utwig/lansml.ani
UTWIG_CAPTAIN_MASK_PMAP_ANIM,724,11,sc2code/ships/utwig/igfxres.h,GFXRES,base/ships/utwig/utwcap.ani
URQUAN_CODE,723,0,sc2code/ships/urquan/icode.h,SHIP,20
URQUAN_VICTORY_SONG,723,0,sc2code/ships/urquan/imusicre.h,MUSICRES,base/ships/urquan/urqditty.mod
URQUAN_RACE_STRINGS,723,1,sc2code/ships/urquan/istrtab.h,STRTAB,base/ships/urquan/urqtext.txt
URQUAN_SHIP_SOUNDS,723,2,sc2code/ships/urquan/isndres.h,SNDRES,base/ships/urquan/urqsound.snd
URQUAN_ICON_MASK_PMAP_ANIM,723,3,sc2code/ships/urquan/igfxres.h,GFXRES,base/ships/urquan/urqicons.ani
URQUAN_MICON_MASK_PMAP_ANIM,723,4,sc2code/ships/urquan/igfxres.h,GFXRES,base/ships/urquan/urqmicon.ani
URQUAN_BIG_MASK_PMAP_ANIM,723,5,sc2code/ships/urquan/igfxres.h,GFXRES,base/ships/urquan/urquan.big
URQUAN_MED_MASK_PMAP_ANIM,723,6,sc2code/ships/urquan/igfxres.h,GFXRES,base/ships/urquan/urquan.med
URQUAN_SML_MASK_PMAP_ANIM,723,7,sc2code/ships/urquan/igfxres.h,GFXRES,base/ships/urquan/urquan.sml
FUSION_BIG_MASK_PMAP_ANIM,723,8,sc2code/ships/urquan/igfxres.h,GFXRES,base/ships/urquan/fusion.big
FUSION_MED_MASK_PMAP_ANIM,723,9,sc2code/ships/urquan/igfxres.h,GFXRES,base/ships/urquan/fusion.med
FUSION_SML_MASK_PMAP_ANIM,723,10,sc2code/ships/urquan/igfxres.h,GFXRES,base/ships/urquan/fusion.sml
FIGHTER_BIG_MASK_PMAP_ANIM,723,11,sc2code/ships/urquan/igfxres.h,GFXRES,base/ships/urquan/fight.big
FIGHTER_MED_MASK_PMAP_ANIM,723,12,sc2code/ships/urquan/igfxres.h,GFXRES,base/ships/urquan/fight.med
FIGHTER_SML_MASK_PMAP_ANIM,723,13,sc2code/ships/urquan/igfxres.h,GFXRES,base/ships/urquan/fight.sml
URQUAN_CAPTAIN_MASK_PMAP_ANIM,723,14,sc2code/ships/urquan/igfxres.h,GFXRES,base/ships/urquan/urqcap.ani
CHMMR_CODE,704,0,sc2code/ships/chmmr/icode.h,SHIP,4
CHMMR_VICTORY_SONG,704,0,sc2code/ships/chmmr/imusicre.h,MUSICRES,base/ships/chmmr/chmditty.mod
CHMMR_RACE_STRINGS,704,1,sc2code/ships/chmmr/istrtab.h,STRTAB,base/ships/chmmr/chmtext.txt
CHMMR_SHIP_SOUNDS,704,2,sc2code/ships/chmmr/isndres.h,SNDRES,base/ships/chmmr/chmsound.snd
CHMMR_ICON_MASK_PMAP_ANIM,704,3,sc2code/ships/chmmr/igfxres.h,GFXRES,base/ships/chmmr/chmicons.ani
CHMMR_MICON_MASK_PMAP_ANIM,704,4,sc2code/ships/chmmr/igfxres.h,GFXRES,base/ships/chmmr/chmmicon.ani
CHMMR_BIG_MASK_PMAP_ANIM,704,5,sc2code/ships/chmmr/igfxres.h,GFXRES,base/ships/chmmr/chmmr.big
CHMMR_MED_MASK_PMAP_ANIM,704,6,sc2code/ships/chmmr/igfxres.h,GFXRES,base/ships/chmmr/chmmr.med
CHMMR_SML_MASK_PMAP_ANIM,704,7,sc2code/ships/chmmr/igfxres.h,GFXRES,base/ships/chmmr/chmmr.sml
MUZZLE_BIG_MASK_PMAP_ANIM,704,8,sc2code/ships/chmmr/igfxres.h,GFXRES,base/ships/chmmr/muzbig.ani
MUZZLE_MED_MASK_PMAP_ANIM,704,9,sc2code/ships/chmmr/igfxres.h,GFXRES,base/ships/chmmr/muzmed.ani
MUZZLE_SML_MASK_PMAP_ANIM,704,10,sc2code/ships/chmmr/igfxres.h,GFXRES,base/ships/chmmr/muzsml.ani
SATELLITE_BIG_MASK_PMAP_ANIM,704,11,sc2code/ships/chmmr/igfxres.h,GFXRES,base/ships/chmmr/satbig.ani
SATELLITE_MED_MASK_PMAP_ANIM,704,12,sc2code/ships/chmmr/igfxres.h,GFXRES,base/ships/chmmr/satmed.ani
SATELLITE_SML_MASK_PMAP_ANIM,704,13,sc2code/ships/chmmr/igfxres.h,GFXRES,base/ships/chmmr/satsml.ani
CHMMR_CAPTAIN_MASK_PMAP_ANIM,704,14,sc2code/ships/chmmr/igfxres.h,GFXRES,base/ships/chmmr/chmcap.ani
MYCON_CODE,711,0,sc2code/ships/mycon/icode.h,SHIP,10
MYCON_VICTORY_SONG,711,0,sc2code/ships/mycon/imusicre.h,MUSICRES,base/ships/mycon/mycditty.mod
MYCON_RACE_STRINGS,711,1,sc2code/ships/mycon/istrtab.h,STRTAB,base/ships/mycon/myctext.txt
MYCON_SHIP_SOUNDS,711,2,sc2code/ships/mycon/isndres.h,SNDRES,base/ships/mycon/mycsound.snd
MYCON_ICON_MASK_PMAP_ANIM,711,3,sc2code/ships/mycon/igfxres.h,GFXRES,base/ships/mycon/mycicons.ani
MYCON_MICON_MASK_PMAP_ANIM,711,4,sc2code/ships/mycon/igfxres.h,GFXRES,base/ships/mycon/mycmicon.ani
MYCON_BIG_MASK_PMAP_ANIM,711,5,sc2code/ships/mycon/igfxres.h,GFXRES,base/ships/mycon/mycon.big
MYCON_MED_MASK_PMAP_ANIM,711,6,sc2code/ships/mycon/igfxres.h,GFXRES,base/ships/mycon/mycon.med
MYCON_SML_MASK_PMAP_ANIM,711,7,sc2code/ships/mycon/igfxres.h,GFXRES,base/ships/mycon/mycon.sml
PLASMA_BIG_MASK_PMAP_ANIM,711,8,sc2code/ships/mycon/igfxres.h,GFXRES,base/ships/mycon/plasma.big
PLASMA_MED_MASK_PMAP_ANIM,711,9,sc2code/ships/mycon/igfxres.h,GFXRES,base/ships/mycon/plasma.med
PLASMA_SML_MASK_PMAP_ANIM,711,10,sc2code/ships/mycon/igfxres.h,GFXRES,base/ships/mycon/plasma.sml
MYCON_CAPTAIN_MASK_PMAP_ANIM,711,11,sc2code/ships/mycon/igfxres.h,GFXRES,base/ships/mycon/myccap.ani
SHOFIXTI_CODE,715,0,sc2code/ships/shofixti/icode.h,SHIP,13
SHOFIXTI_VICTORY_SONG,715,0,sc2code/ships/shofixti/imusicre.h,MUSICRES,base/ships/shofixti/shoditty.mod
SHOFIXTI_RACE_STRINGS,715,1,sc2code/ships/shofixti/istrtab.h,STRTAB,base/ships/shofixti/shotext.txt
SHOFIXTI_SHIP_SOUNDS,715,2,sc2code/ships/shofixti/isndres.h,SNDRES,base/ships/shofixti/shosound.snd
SHOFIXTI_ICON_MASK_PMAP_ANIM,715,3,sc2code/ships/shofixti/igfxres.h,GFXRES,base/ships/shofixti/shoicons.ani
SHOFIXTI_MICON_MASK_PMAP_ANIM,715,4,sc2code/ships/shofixti/igfxres.h,GFXRES,base/ships/shofixti/shomicon.ani
SHOFIXTI_BIG_MASK_PMAP_ANIM,715,5,sc2code/ships/shofixti/igfxres.h,GFXRES,base/ships/shofixti/shofixti.big
SHOFIXTI_MED_MASK_PMAP_ANIM,715,6,sc2code/ships/shofixti/igfxres.h,GFXRES,base/ships/shofixti/shofixti.med
SHOFIXTI_SML_MASK_PMAP_ANIM,715,7,sc2code/ships/shofixti/igfxres.h,GFXRES,base/ships/shofixti/shofixti.sml
DESTRUCT_BIG_MASK_ANIM,715,8,sc2code/ships/shofixti/igfxres.h,GFXRES,base/ships/shofixti/destruct.big
DESTRUCT_MED_MASK_ANIM,715,9,sc2code/ships/shofixti/igfxres.h,GFXRES,base/ships/shofixti/destruct.med
DESTRUCT_SML_MASK_ANIM,715,10,sc2code/ships/shofixti/igfxres.h,GFXRES,base/ships/shofixti/destruct.sml
SHOFIXTI_CAPTAIN_MASK_PMAP_ANIM,715,11,sc2code/ships/shofixti/igfxres.h,GFXRES,base/ships/shofixti/shocap.ani
OLDSHOF_BIG_MASK_PMAP_ANIM,715,12,sc2code/ships/shofixti/igfxres.h,GFXRES,base/ships/shofixti/oldshof.big
OLDSHOF_MED_MASK_PMAP_ANIM,715,13,sc2code/ships/shofixti/igfxres.h,GFXRES,base/ships/shofixti/oldshof.med
OLDSHOF_SML_MASK_PMAP_ANIM,715,14,sc2code/ships/shofixti/igfxres.h,GFXRES,base/ships/shofixti/oldshof.sml
OLDSHOF_CAPTAIN_MASK_PMAP_ANIM,715,15,sc2code/ships/shofixti/igfxres.h,GFXRES,base/ships/shofixti/oldcap.ani
DART_BIG_MASK_PMAP_ANIM,715,16,sc2code/ships/shofixti/igfxres.h,GFXRES,base/ships/shofixti/missile.big
DART_MED_MASK_PMAP_ANIM,715,17,sc2code/ships/shofixti/igfxres.h,GFXRES,base/ships/shofixti/missile.med
DART_SML_MASK_PMAP_ANIM,715,18,sc2code/ships/shofixti/igfxres.h,GFXRES,base/ships/shofixti/missile.sml
KOHR_AH_CODE,702,0,sc2code/ships/blackurq/icode.h,SHIP,2
KOHR_AH_VICTORY_SONG,702,0,sc2code/ships/blackurq/imusicre.h,MUSICRES,base/ships/kohrah/bladitty.mod
KOHR_AH_RACE_STRINGS,702,1,sc2code/ships/blackurq/istrtab.h,STRTAB,base/ships/kohrah/blatext.txt
KOHR_AH_SHIP_SOUNDS,702,2,sc2code/ships/blackurq/isndres.h,SNDRES,base/ships/kohrah/blasound.snd
KOHR_AH_ICON_MASK_PMAP_ANIM,702,3,sc2code/ships/blackurq/igfxres.h,GFXRES,base/ships/kohrah/blaicons.ani
KOHR_AH_MICON_MASK_PMAP_ANIM,702,4,sc2code/ships/blackurq/igfxres.h,GFXRES,base/ships/kohrah/blamicon.ani
KOHR_AH_BIG_MASK_PMAP_ANIM,702,5,sc2code/ships/blackurq/igfxres.h,GFXRES,base/ships/kohrah/blackurq.big
KOHR_AH_MED_MASK_PMAP_ANIM,702,6,sc2code/ships/blackurq/igfxres.h,GFXRES,base/ships/kohrah/blackurq.med
KOHR_AH_SML_MASK_PMAP_ANIM,702,7,sc2code/ships/blackurq/igfxres.h,GFXRES,base/ships/kohrah/blackurq.sml
BUZZSAW_BIG_MASK_PMAP_ANIM,702,8,sc2code/ships/blackurq/igfxres.h,GFXRES,base/ships/kohrah/buzbig.ani
BUZZSAW_MED_MASK_PMAP_ANIM,702,9,sc2code/ships/blackurq/igfxres.h,GFXRES,base/ships/kohrah/buzmed.ani
BUZZSAW_SML_MASK_PMAP_ANIM,702,10,sc2code/ships/blackurq/igfxres.h,GFXRES,base/ships/kohrah/buzsml.ani
GAS_BIG_MASK_PMAP_ANIM,702,11,sc2code/ships/blackurq/igfxres.h,GFXRES,base/ships/kohrah/gasbig.ani
GAS_MED_MASK_PMAP_ANIM,702,12,sc2code/ships/blackurq/igfxres.h,GFXRES,base/ships/kohrah/gasmed.ani
GAS_SML_MASK_PMAP_ANIM,702,13,sc2code/ships/blackurq/igfxres.h,GFXRES,base/ships/kohrah/gassml.ani
KOHR_AH_CAPTAIN_MASK_PMAP_ANIM,702,14,sc2code/ships/blackurq/igfxres.h,GFXRES,base/ships/kohrah/blacap.ani
MELNORME_CODE,709,0,sc2code/ships/melnorme/icode.h,SHIP,8
MELNORME_VICTORY_SONG,709,0,sc2code/ships/melnorme/imusicre.h,MUSICRES,base/ships/melnorme/melditty.mod
MELNORME_RACE_STRINGS,709,1,sc2code/ships/melnorme/istrtab.h,STRTAB,base/ships/melnorme/meltext.txt
MELNORME_SHIP_SOUNDS,709,2,sc2code/ships/melnorme/isndres.h,SNDRES,base/ships/melnorme/melsound.snd
MELNORME_ICON_MASK_PMAP_ANIM,709,3,sc2code/ships/melnorme/igfxres.h,GFXRES,base/ships/melnorme/melicons.ani
MELNORME_MICON_MASK_PMAP_ANIM,709,4,sc2code/ships/melnorme/igfxres.h,GFXRES,base/ships/melnorme/melmicon.ani
MELNORME_BIG_MASK_PMAP_ANIM,709,5,sc2code/ships/melnorme/igfxres.h,GFXRES,base/ships/melnorme/melnorme.big
MELNORME_MED_MASK_PMAP_ANIM,709,6,sc2code/ships/melnorme/igfxres.h,GFXRES,base/ships/melnorme/melnorme.med
MELNORME_SML_MASK_PMAP_ANIM,709,7,sc2code/ships/melnorme/igfxres.h,GFXRES,base/ships/melnorme/melnorme.sml
PUMPUP_BIG_MASK_PMAP_ANIM,709,8,sc2code/ships/melnorme/igfxres.h,GFXRES,base/ships/melnorme/pumpbig.ani
PUMPUP_MED_MASK_PMAP_ANIM,709,9,sc2code/ships/melnorme/igfxres.h,GFXRES,base/ships/melnorme/pumpmed.ani
PUMPUP_SML_MASK_PMAP_ANIM,709,10,sc2code/ships/melnorme/igfxres.h,GFXRES,base/ships/melnorme/pumpsml.ani
CONFUSE_BIG_MASK_PMAP_ANIM,709,11,sc2code/ships/melnorme/igfxres.h,GFXRES,base/ships/melnorme/confubig.ani
CONFUSE_MED_MASK_PMAP_ANIM,709,12,sc2code/ships/melnorme/igfxres.h,GFXRES,base/ships/melnorme/confumed.ani
CONFUSE_SML_MASK_PMAP_ANIM,709,13,sc2code/ships/melnorme/igfxres.h,GFXRES,base/ships/melnorme/confusml.ani
MELNORME_CAPTAIN_MASK_PMAP_ANIM,709,14,sc2code/ships/melnorme/igfxres.h,GFXRES,base/ships/melnorme/melcap.ani
ZOQFOTPIK_CODE,727,0,sc2code/ships/zoqfot/icode.h,SHIP,24
ZOQFOTPIK_VICTORY_SONG,727,0,sc2code/ships/zoqfot/imusicre.h,MUSICRES,base/ships/zoqfot/zoqditty.mod
ZOQFOTPIK_RACE_STRINGS,727,1,sc2code/ships/zoqfot/istrtab.h,STRTAB,base/ships/zoqfot/zoqtext.txt
ZOQFOTPIK_SHIP_SOUNDS,727,2,sc2code/ships/zoqfot/isndres.h,SNDRES,base/ships/zoqfot/zoqsound.snd
ZOQFOTPIK_ICON_MASK_PMAP_ANIM,727,3,sc2code/ships/zoqfot/igfxres.h,GFXRES,base/ships/zoqfot/zoqicons.ani
ZOQFOTPIK_MICON_MASK_PMAP_ANIM,727,4,sc2code/ships/zoqfot/igfxres.h,GFXRES,base/ships/zoqfot/zoqmicon.ani
ZOQFOTPIK_BIG_MASK_PMAP_ANIM,727,5,sc2code/ships/zoqfot/igfxres.h,GFXRES,base/ships/zoqfot/zoqfot.big
ZOQFOTPIK_MED_MASK_PMAP_ANIM,727,6,sc2code/ships/zoqfot/igfxres.h,GFXRES,base/ships/zoqfot/zoqfot.med
ZOQFOTPIK_SML_MASK_PMAP_ANIM,727,7,sc2code/ships/zoqfot/igfxres.h,GFXRES,base/ships/zoqfot/zoqfot.sml
SPIT_BIG_MASK_PMAP_ANIM,727,8,sc2code/ships/zoqfot/igfxres.h,GFXRES,base/ships/zoqfot/spitbig.ani
SPIT_MED_MASK_PMAP_ANIM,727,9,sc2code/ships/zoqfot/igfxres.h,GFXRES,base/ships/zoqfot/spitmed.ani
SPIT_SML_MASK_PMAP_ANIM,727,10,sc2code/ships/zoqfot/igfxres.h,GFXRES,base/ships/zoqfot/spitsml.ani
STINGER_BIG_MASK_PMAP_ANIM,727,11,sc2code/ships/zoqfot/igfxres.h,GFXRES,base/ships/zoqfot/stibig.ani
STINGER_MED_MASK_PMAP_ANIM,727,12,sc2code/ships/zoqfot/igfxres.h,GFXRES,base/ships/zoqfot/stimed.ani
STINGER_SML_MASK_PMAP_ANIM,727,13,sc2code/ships/zoqfot/igfxres.h,GFXRES,base/ships/zoqfot/stisml.ani
ZOQFOTPIK_CAPTAIN_MASK_PMAP_ANIM,727,14,sc2code/ships/zoqfot/igfxres.h,GFXRES,base/ships/zoqfot/zoqcap.ani
VUX_CODE,725,0,sc2code/ships/vux/icode.h,SHIP,22
VUX_VICTORY_SONG,725,0,sc2code/ships/vux/imusicre.h,MUSICRES,base/ships/vux/vuxditty.mod
VUX_RACE_STRINGS,725,1,sc2code/ships/vux/istrtab.h,STRTAB,base/ships/vux/vuxtext.txt
VUX_SHIP_SOUNDS,725,2,sc2code/ships/vux/isndres.h,SNDRES,base/ships/vux/vuxsound.snd
VUX_ICON_MASK_PMAP_ANIM,725,3,sc2code/ships/vux/igfxres.h,GFXRES,base/ships/vux/vuxicons.ani
VUX_MICON_MASK_PMAP_ANIM,725,4,sc2code/ships/vux/igfxres.h,GFXRES,base/ships/vux/vuxmicon.ani
VUX_BIG_MASK_PMAP_ANIM,725,5,sc2code/ships/vux/igfxres.h,GFXRES,base/ships/vux/vux.big
VUX_MED_MASK_PMAP_ANIM,725,6,sc2code/ships/vux/igfxres.h,GFXRES,base/ships/vux/vux.med
VUX_SML_MASK_PMAP_ANIM,725,7,sc2code/ships/vux/igfxres.h,GFXRES,base/ships/vux/vux.sml
LIMPETS_BIG_MASK_PMAP_ANIM,725,8,sc2code/ships/vux/igfxres.h,GFXRES,base/ships/vux/limpets.big
LIMPETS_MED_MASK_PMAP_ANIM,725,9,sc2code/ships/vux/igfxres.h,GFXRES,base/ships/vux/limpets.med
LIMPETS_SML_MASK_PMAP_ANIM,725,10,sc2code/ships/vux/igfxres.h,GFXRES,base/ships/vux/limpets.sml
SLIME_MASK_PMAP_ANIM,725,11,sc2code/ships/vux/igfxres.h,GFXRES,base/ships/vux/slime.ani
VUX_CAPTAIN_MASK_PMAP_ANIM,725,12,sc2code/ships/vux/igfxres.h,GFXRES,base/ships/vux/vuxcap.ani
ARILOU_CODE,701,0,sc2code/ships/arilou/icode.h,SHIP,1
ARILOU_VICTORY_SONG,701,0,sc2code/ships/arilou/imusicre.h,MUSICRES,base/ships/arilou/ariditty.mod
ARILOU_RACE_STRINGS,701,1,sc2code/ships/arilou/istrtab.h,STRTAB,base/ships/arilou/aritext.txt
ARILOU_SHIP_SOUNDS,701,2,sc2code/ships/arilou/isndres.h,SNDRES,base/ships/arilou/arisound.snd
ARILOU_ICON_MASK_PMAP_ANIM,701,3,sc2code/ships/arilou/igfxres.h,GFXRES,base/ships/arilou/ariicons.ani
ARILOU_MICON_MASK_PMAP_ANIM,701,4,sc2code/ships/arilou/igfxres.h,GFXRES,base/ships/arilou/arimicon.ani
ARILOU_BIG_MASK_PMAP_ANIM,701,5,sc2code/ships/arilou/igfxres.h,GFXRES,base/ships/arilou/arilou.big
ARILOU_MED_MASK_PMAP_ANIM,701,6,sc2code/ships/arilou/igfxres.h,GFXRES,base/ships/arilou/arilou.med
ARILOU_SML_MASK_PMAP_ANIM,701,7,sc2code/ships/arilou/igfxres.h,GFXRES,base/ships/arilou/arilou.sml
WARP_BIG_MASK_PMAP_ANIM,701,8,sc2code/ships/arilou/igfxres.h,GFXRES,base/ships/arilou/warp.big
WARP_MED_MASK_PMAP_ANIM,701,9,sc2code/ships/arilou/igfxres.h,GFXRES,base/ships/arilou/warp.med
WARP_SML_MASK_PMAP_ANIM,701,10,sc2code/ships/arilou/igfxres.h,GFXRES,base/ships/arilou/warp.sml
ARILOU_CAPTAIN_MASK_PMAP_ANIM,701,11,sc2code/ships/arilou/igfxres.h,GFXRES,base/ships/arilou/aricap.ani
SPATHI_CODE,718,0,sc2code/ships/spathi/icode.h,SHIP,15
SPATHI_VICTORY_SONG,718,0,sc2code/ships/spathi/imusicre.h,MUSICRES,base/ships/spathi/spaditty.mod
SPATHI_RACE_STRINGS,718,1,sc2code/ships/spathi/istrtab.h,STRTAB,base/ships/spathi/spatext.txt
SPATHI_SHIP_SOUNDS,718,2,sc2code/ships/spathi/isndres.h,SNDRES,base/ships/spathi/spasound.snd
SPATHI_ICON_MASK_PMAP_ANIM,718,3,sc2code/ships/spathi/igfxres.h,GFXRES,base/ships/spathi/spaicons.ani
SPATHI_MICON_MASK_PMAP_ANIM,718,4,sc2code/ships/spathi/igfxres.h,GFXRES,base/ships/spathi/spamicon.ani
SPATHI_BIG_MASK_PMAP_ANIM,718,5,sc2code/ships/spathi/igfxres.h,GFXRES,base/ships/spathi/spathi.big
SPATHI_MED_MASK_PMAP_ANIM,718,6,sc2code/ships/spathi/igfxres.h,GFXRES,base/ships/spathi/spathi.med
SPATHI_SML_MASK_PMAP_ANIM,718,7,sc2code/ships/spathi/igfxres.h,GFXRES,base/ships/spathi/spathi.sml
MISSILE_BIG_MASK_PMAP_ANIM,718,8,sc2code/ships/spathi/igfxres.h,GFXRES,base/ships/spathi/missile.big
MISSILE_MED_MASK_PMAP_ANIM,718,9,sc2code/ships/spathi/igfxres.h,GFXRES,base/ships/spathi/missile.med
MISSILE_SML_MASK_PMAP_ANIM,718,10,sc2code/ships/spathi/igfxres.h,GFXRES,base/ships/spathi/missile.sml
DISCRIM_BIG_MASK_PMAP_ANIM,718,11,sc2code/ships/spathi/igfxres.h,GFXRES,base/ships/spathi/discrim.big
DISCRIM_MED_MASK_PMAP_ANIM,718,12,sc2code/ships/spathi/igfxres.h,GFXRES,base/ships/spathi/discrim.med
DISCRIM_SML_MASK_PMAP_ANIM,718,13,sc2code/ships/spathi/igfxres.h,GFXRES,base/ships/spathi/discrim.sml
SPATHI_CAPTAIN_MASK_PMAP_ANIM,718,14,sc2code/ships/spathi/igfxres.h,GFXRES,base/ships/spathi/spacap.ani
PKUNK_CODE,713,0,sc2code/ships/pkunk/icode.h,SHIP,12
PKUNK_VICTORY_SONG,713,0,sc2code/ships/pkunk/imusicre.h,MUSICRES,base/ships/pkunk/pkuditty.mod
PKUNK_RACE_STRINGS,713,1,sc2code/ships/pkunk/istrtab.h,STRTAB,base/ships/pkunk/pkutext.txt
PKUNK_SHIP_SOUNDS,713,2,sc2code/ships/pkunk/isndres.h,SNDRES,base/ships/pkunk/pkusound.snd
PKUNK_ICON_MASK_PMAP_ANIM,713,3,sc2code/ships/pkunk/igfxres.h,GFXRES,base/ships/pkunk/pkuicons.ani
PKUNK_MICON_MASK_PMAP_ANIM,713,4,sc2code/ships/pkunk/igfxres.h,GFXRES,base/ships/pkunk/pkumicon.ani
PKUNK_BIG_MASK_PMAP_ANIM,713,5,sc2code/ships/pkunk/igfxres.h,GFXRES,base/ships/pkunk/pkunk.big
PKUNK_MED_MASK_PMAP_ANIM,713,6,sc2code/ships/pkunk/igfxres.h,GFXRES,base/ships/pkunk/pkunk.med
PKUNK_SML_MASK_PMAP_ANIM,713,7,sc2code/ships/pkunk/igfxres.h,GFXRES,base/ships/pkunk/pkunk.sml
BUG_BIG_MASK_PMAP_ANIM,713,8,sc2code/ships/pkunk/igfxres.h,GFXRES,base/ships/pkunk/bugbig.ani
BUG_MED_MASK_PMAP_ANIM,713,9,sc2code/ships/pkunk/igfxres.h,GFXRES,base/ships/pkunk/bugmed.ani
BUG_SML_MASK_PMAP_ANIM,713,10,sc2code/ships/pkunk/igfxres.h,GFXRES,base/ships/pkunk/bugsml.ani
PKUNK_CAPTAIN_MASK_PMAP_ANIM,713,11,sc2code/ships/pkunk/igfxres.h,GFXRES,base/ships/pkunk/pkucap.ani
HUMAN_CODE,706,0,sc2code/ships/human/icode.h,SHIP,6
HUMAN_VICTORY_SONG,706,0,sc2code/ships/human/imusicre.h,MUSICRES,base/ships/human/humditty.mod
HUMAN_RACE_STRINGS,706,1,sc2code/ships/human/istrtab.h,STRTAB,base/ships/human/humtext.txt
HUMAN_SHIP_SOUNDS,706,2,sc2code/ships/human/isndres.h,SNDRES,base/ships/human/humsound.snd
HUMAN_ICON_MASK_PMAP_ANIM,706,3,sc2code/ships/human/igfxres.h,GFXRES,base/ships/human/humicons.ani
HUMAN_MICON_MASK_PMAP_ANIM,706,4,sc2code/ships/human/igfxres.h,GFXRES,base/ships/human/hummicon.ani
HUMAN_BIG_MASK_PMAP_ANIM,706,5,sc2code/ships/human/igfxres.h,GFXRES,base/ships/human/human.big
HUMAN_MED_MASK_PMAP_ANIM,706,6,sc2code/ships/human/igfxres.h,GFXRES,base/ships/human/human.med
HUMAN_SML_MASK_PMAP_ANIM,706,7,sc2code/ships/human/igfxres.h,GFXRES,base/ships/human/human.sml
SATURN_BIG_MASK_PMAP_ANIM,706,8,sc2code/ships/human/igfxres.h,GFXRES,base/ships/human/saturn.big
SATURN_MED_MASK_PMAP_ANIM,706,9,sc2code/ships/human/igfxres.h,GFXRES,base/ships/human/saturn.med
SATURN_SML_MASK_PMAP_ANIM,706,10,sc2code/ships/human/igfxres.h,GFXRES,base/ships/human/saturn.sml
HUMAN_CAPTAIN_MASK_PMAP_ANIM,706,11,sc2code/ships/human/igfxres.h,GFXRES,base/ships/human/humcap.ani
UMGAH_CODE,722,0,sc2code/ships/umgah/icode.h,SHIP,19
UMGAH_VICTORY_SONG,722,0,sc2code/ships/umgah/imusicre.h,MUSICRES,base/ships/umgah/umgditty.mod
UMGAH_RACE_STRINGS,722,1,sc2code/ships/umgah/istrtab.h,STRTAB,base/ships/umgah/umgtext.txt
UMGAH_SHIP_SOUNDS,722,2,sc2code/ships/umgah/isndres.h,SNDRES,base/ships/umgah/umgsound.snd
UMGAH_ICON_MASK_PMAP_ANIM,722,3,sc2code/ships/umgah/igfxres.h,GFXRES,base/ships/umgah/umgicons.ani
UMGAH_MICON_MASK_PMAP_ANIM,722,4,sc2code/ships/umgah/igfxres.h,GFXRES,base/ships/umgah/umgmicon.ani
UMGAH_BIG_MASK_PMAP_ANIM,722,5,sc2code/ships/umgah/igfxres.h,GFXRES,base/ships/umgah/umgah.big
UMGAH_MED_MASK_PMAP_ANIM,722,6,sc2code/ships/umgah/igfxres.h,GFXRES,base/ships/umgah/umgah.med
UMGAH_SML_MASK_PMAP_ANIM,722,7,sc2code/ships/umgah/igfxres.h,GFXRES,base/ships/umgah/umgah.sml
SPRITZ_MASK_PMAP_ANIM,722,8,sc2code/ships/umgah/igfxres.h,GFXRES,base/ships/umgah/spritz.ani
CONE_BIG_MASK_ANIM,722,9,sc2code/ships/umgah/igfxres.h,GFXRES,base/ships/umgah/cone.big
CONE_MED_MASK_ANIM,722,10,sc2code/ships/umgah/igfxres.h,GFXRES,base/ships/umgah/cone.med
CONE_SML_MASK_ANIM,722,11,sc2code/ships/umgah/igfxres.h,GFXRES,base/ships/umgah/cone.sml
UMGAH_CAPTAIN_MASK_PMAP_ANIM,722,12,sc2code/ships/umgah/igfxres.h,GFXRES,base/ships/umgah/umgcap.ani
CHENJESU_CODE,703,0,sc2code/ships/chenjesu/icode.h,SHIP,3
CHENJESU_VICTORY_SONG,703,0,sc2code/ships/chenjesu/imusicre.h,MUSICRES,base/ships/chenjesu/cheditty.mod
CHENJESU_RACE_STRINGS,703,1,sc2code/ships/chenjesu/istrtab.h,STRTAB,base/ships/chenjesu/chetext.txt
CHENJESU_SHIP_SOUNDS,703,2,sc2code/ships/chenjesu/isndres.h,SNDRES,base/ships/chenjesu/chesound.snd
CHENJESU_ICON_MASK_PMAP_ANIM,703,3,sc2code/ships/chenjesu/igfxres.h,GFXRES,base/ships/chenjesu/cheicons.ani
CHENJESU_MICON_MASK_PMAP_ANIM,703,4,sc2code/ships/chenjesu/igfxres.h,GFXRES,base/ships/chenjesu/chemicon.ani
CHENJESU_BIG_MASK_PMAP_ANIM,703,5,sc2code/ships/chenjesu/igfxres.h,GFXRES,base/ships/chenjesu/chenjesu.big
CHENJESU_MED_MASK_PMAP_ANIM,703,6,sc2code/ships/chenjesu/igfxres.h,GFXRES,base/ships/chenjesu/chenjesu.med
CHENJESU_SML_MASK_PMAP_ANIM,703,7,sc2code/ships/chenjesu/igfxres.h,GFXRES,base/ships/chenjesu/chenjesu.sml
SPARK_BIG_MASK_PMAP_ANIM,703,8,sc2code/ships/chenjesu/igfxres.h,GFXRES,base/ships/chenjesu/spark.big
SPARK_MED_MASK_PMAP_ANIM,703,9,sc2code/ships/chenjesu/igfxres.h,GFXRES,base/ships/chenjesu/spark.med
SPARK_SML_MASK_PMAP_ANIM,703,10,sc2code/ships/chenjesu/igfxres.h,GFXRES,base/ships/chenjesu/spark.sml
DOGGY_BIG_MASK_PMAP_ANIM,703,11,sc2code/ships/chenjesu/igfxres.h,GFXRES,base/ships/chenjesu/doggy.big
DOGGY_MED_MASK_PMAP_ANIM,703,12,sc2code/ships/chenjesu/igfxres.h,GFXRES,base/ships/chenjesu/doggy.med
DOGGY_SML_MASK_PMAP_ANIM,703,13,sc2code/ships/chenjesu/igfxres.h,GFXRES,base/ships/chenjesu/doggy.sml
CHENJESU_CAPTAIN_MASK_PMAP_ANIM,703,14,sc2code/ships/chenjesu/igfxres.h,GFXRES,base/ships/chenjesu/checap.ani
SIS_CODE,716,0,sc2code/ships/sis_ship/icode.h,SHIP,26
SIS_VICTORY_SONG,716,0,sc2code/ships/sis_ship/imusicre.h,MUSICRES,base/ships/sis_ship/sisditty.mod
SIS_SHIP_SOUNDS,716,1,sc2code/ships/sis_ship/isndres.h,SNDRES,base/ships/sis_ship/sissound.snd
SIS_ICON_MASK_PMAP_ANIM,716,2,sc2code/ships/sis_ship/igfxres.h,GFXRES,base/ships/sis_ship/sisicons.ani
SIS_BIG_MASK_PMAP_ANIM,716,3,sc2code/ships/sis_ship/igfxres.h,GFXRES,base/ships/sis_ship/sis.big
SIS_MED_MASK_PMAP_ANIM,716,4,sc2code/ships/sis_ship/igfxres.h,GFXRES,base/ships/sis_ship/sis.med
SIS_SML_MASK_PMAP_ANIM,716,5,sc2code/ships/sis_ship/igfxres.h,GFXRES,base/ships/sis_ship/sis.sml
BLASTER_BIG_MASK_PMAP_ANIM,716,6,sc2code/ships/sis_ship/igfxres.h,GFXRES,base/ships/sis_ship/blasbig.ani
BLASTER_MED_MASK_PMAP_ANIM,716,7,sc2code/ships/sis_ship/igfxres.h,GFXRES,base/ships/sis_ship/blasmed.ani
BLASTER_SML_MASK_PMAP_ANIM,716,8,sc2code/ships/sis_ship/igfxres.h,GFXRES,base/ships/sis_ship/blassml.ani
SIS_CAPTAIN_MASK_PMAP_ANIM,716,9,sc2code/ships/sis_ship/igfxres.h,GFXRES,base/ships/sis_ship/siscap.ani
SIS_HYPER_MASK_PMAP_ANIM,716,10,sc2code/ships/sis_ship/igfxres.h,GFXRES,base/ships/sis_ship/sishyper.ani
ILWRATH_CODE,707,0,sc2code/ships/ilwrath/icode.h,SHIP,7
ILWRATH_VICTORY_SONG,707,0,sc2code/ships/ilwrath/imusicre.h,MUSICRES,base/ships/ilwrath/ilwditty.mod
ILWRATH_RACE_STRINGS,707,1,sc2code/ships/ilwrath/istrtab.h,STRTAB,base/ships/ilwrath/ilwtext.txt
ILWRATH_SHIP_SOUNDS,707,2,sc2code/ships/ilwrath/isndres.h,SNDRES,base/ships/ilwrath/ilwsound.snd
ILWRATH_ICON_MASK_PMAP_ANIM,707,3,sc2code/ships/ilwrath/igfxres.h,GFXRES,base/ships/ilwrath/ilwicons.ani
ILWRATH_MICON_MASK_PMAP_ANIM,707,4,sc2code/ships/ilwrath/igfxres.h,GFXRES,base/ships/ilwrath/ilwmicon.ani
ILWRATH_BIG_MASK_PMAP_ANIM,707,5,sc2code/ships/ilwrath/igfxres.h,GFXRES,base/ships/ilwrath/ilwrath.big
ILWRATH_MED_MASK_PMAP_ANIM,707,6,sc2code/ships/ilwrath/igfxres.h,GFXRES,base/ships/ilwrath/ilwrath.med
ILWRATH_SML_MASK_PMAP_ANIM,707,7,sc2code/ships/ilwrath/igfxres.h,GFXRES,base/ships/ilwrath/ilwrath.sml
FIRE_BIG_MASK_PMAP_ANIM,707,8,sc2code/ships/ilwrath/igfxres.h,GFXRES,base/ships/ilwrath/fire.big
FIRE_MED_MASK_PMAP_ANIM,707,9,sc2code/ships/ilwrath/igfxres.h,GFXRES,base/ships/ilwrath/fire.med
FIRE_SML_MASK_PMAP_ANIM,707,10,sc2code/ships/ilwrath/igfxres.h,GFXRES,base/ships/ilwrath/fire.sml
ILWRATH_CAPTAIN_MASK_PMAP_ANIM,707,11,sc2code/ships/ilwrath/igfxres.h,GFXRES,base/ships/ilwrath/ilwcap.ani
SYREEN_CODE,720,0,sc2code/ships/syreen/icode.h,SHIP,17
SYREEN_VICTORY_SONG,720,0,sc2code/ships/syreen/imusicre.h,MUSICRES,base/ships/syreen/syrditty.mod
SYREEN_RACE_STRINGS,720,1,sc2code/ships/syreen/istrtab.h,STRTAB,base/ships/syreen/syrtext.txt
SYREEN_SHIP_SOUNDS,720,2,sc2code/ships/syreen/isndres.h,SNDRES,base/ships/syreen/syrsound.snd
SYREEN_ICON_MASK_PMAP_ANIM,720,3,sc2code/ships/syreen/igfxres.h,GFXRES,base/ships/syreen/syricons.ani
SYREEN_MICON_MASK_PMAP_ANIM,720,4,sc2code/ships/syreen/igfxres.h,GFXRES,base/ships/syreen/syrmicon.ani
SYREEN_BIG_MASK_PMAP_ANIM,720,5,sc2code/ships/syreen/igfxres.h,GFXRES,base/ships/syreen/syreen.big
SYREEN_MED_MASK_PMAP_ANIM,720,6,sc2code/ships/syreen/igfxres.h,GFXRES,base/ships/syreen/syreen.med
SYREEN_SML_MASK_PMAP_ANIM,720,7,sc2code/ships/syreen/igfxres.h,GFXRES,base/ships/syreen/syreen.sml
DAGGER_BIG_MASK_PMAP_ANIM,720,8,sc2code/ships/syreen/igfxres.h,GFXRES,base/ships/syreen/dagger.big
DAGGER_MED_MASK_PMAP_ANIM,720,9,sc2code/ships/syreen/igfxres.h,GFXRES,base/ships/syreen/dagger.med
DAGGER_SML_MASK_PMAP_ANIM,720,10,sc2code/ships/syreen/igfxres.h,GFXRES,base/ships/syreen/dagger.sml
SYREEN_CAPTAIN_MASK_PMAP_ANIM,720,11,sc2code/ships/syreen/igfxres.h,GFXRES,base/ships/syreen/syrcap.ani
PROBE_CODE,714,0,sc2code/ships/probe/icode.h,SHIP,27
PROBE_MICON_MASK_PMAP_ANIM,714,0,sc2code/ships/probe/igfxres.h,GFXRES,base/ships/probe/promicon.ani
MMRNMHRM_CODE,710,0,sc2code/ships/mmrnmhrm/icode.h,SHIP,9
MMRNMHRM_VICTORY_SONG,710,0,sc2code/ships/mmrnmhrm/imusicre.h,MUSICRES,base/ships/mmrnmhrm/mmrditty.mod
MMRNMHRM_RACE_STRINGS,710,1,sc2code/ships/mmrnmhrm/istrtab.h,STRTAB,base/ships/mmrnmhrm/mmrtext.txt
MMRNMHRM_SHIP_SOUNDS,710,2,sc2code/ships/mmrnmhrm/isndres.h,SNDRES,base/ships/mmrnmhrm/mmrsound.snd
MMRNMHRM_ICON_MASK_PMAP_ANIM,710,3,sc2code/ships/mmrnmhrm/igfxres.h,GFXRES,base/ships/mmrnmhrm/mmricons.ani
MMRNMHRM_MICON_MASK_PMAP_ANIM,710,4,sc2code/ships/mmrnmhrm/igfxres.h,GFXRES,base/ships/mmrnmhrm/mmrmicon.ani
MMRNMHRM_BIG_MASK_PMAP_ANIM,710,5,sc2code/ships/mmrnmhrm/igfxres.h,GFXRES,base/ships/mmrnmhrm/mmrnmhrm.big
MMRNMHRM_MED_MASK_PMAP_ANIM,710,6,sc2code/ships/mmrnmhrm/igfxres.h,GFXRES,base/ships/mmrnmhrm/mmrnmhrm.med
MMRNMHRM_SML_MASK_PMAP_ANIM,710,7,sc2code/ships/mmrnmhrm/igfxres.h,GFXRES,base/ships/mmrnmhrm/mmrnmhrm.sml
TORP_BIG_MASK_PMAP_ANIM,710,8,sc2code/ships/mmrnmhrm/igfxres.h,GFXRES,base/ships/mmrnmhrm/torp.big
TORP_MED_MASK_PMAP_ANIM,710,9,sc2code/ships/mmrnmhrm/igfxres.h,GFXRES,base/ships/mmrnmhrm/torp.med
TORP_SML_MASK_PMAP_ANIM,710,10,sc2code/ships/mmrnmhrm/igfxres.h,GFXRES,base/ships/mmrnmhrm/torp.sml
YWING_BIG_MASK_PMAP_ANIM,710,11,sc2code/ships/mmrnmhrm/igfxres.h,GFXRES,base/ships/mmrnmhrm/ywing.big
YWING_MED_MASK_PMAP_ANIM,710,12,sc2code/ships/mmrnmhrm/igfxres.h,GFXRES,base/ships/mmrnmhrm/ywing.med
YWING_SML_MASK_PMAP_ANIM,710,13,sc2code/ships/mmrnmhrm/igfxres.h,GFXRES,base/ships/mmrnmhrm/ywing.sml
MMRNMHRM_CAPTAIN_MASK_PMAP_ANIM,710,14,sc2code/ships/mmrnmhrm/igfxres.h,GFXRES,base/ships/mmrnmhrm/mmrcap.ani
YEHAT_CODE,726,0,sc2code/ships/yehat/icode.h,SHIP,23
YEHAT_VICTORY_SONG,726,0,sc2code/ships/yehat/imusicre.h,MUSICRES,base/ships/yehat/yehditty.mod
YEHAT_RACE_STRINGS,726,1,sc2code/ships/yehat/istrtab.h,STRTAB,base/ships/yehat/yehtext.txt
YEHAT_SHIP_SOUNDS,726,2,sc2code/ships/yehat/isndres.h,SNDRES,base/ships/yehat/yehsound.snd
YEHAT_ICON_MASK_PMAP_ANIM,726,3,sc2code/ships/yehat/igfxres.h,GFXRES,base/ships/yehat/yehicons.ani
YEHAT_MICON_MASK_PMAP_ANIM,726,4,sc2code/ships/yehat/igfxres.h,GFXRES,base/ships/yehat/yehmicon.ani
YEHAT_BIG_MASK_PMAP_ANIM,726,5,sc2code/ships/yehat/igfxres.h,GFXRES,base/ships/yehat/yehat.big
YEHAT_MED_MASK_PMAP_ANIM,726,6,sc2code/ships/yehat/igfxres.h,GFXRES,base/ships/yehat/yehat.med
YEHAT_SML_MASK_PMAP_ANIM,726,7,sc2code/ships/yehat/igfxres.h,GFXRES,base/ships/yehat/yehat.sml
YEHAT_CANNON_BIG_MASK_PMAP_ANIM,726,8,sc2code/ships/yehat/igfxres.h,GFXRES,base/ships/yehat/missile.big
YEHAT_CANNON_MED_MASK_PMAP_ANIM,726,9,sc2code/ships/yehat/igfxres.h,GFXRES,base/ships/yehat/missile.med
YEHAT_CANNON_SML_MASK_PMAP_ANIM,726,10,sc2code/ships/yehat/igfxres.h,GFXRES,base/ships/yehat/missile.sml
SHIELD_BIG_MASK_ANIM,726,11,sc2code/ships/yehat/igfxres.h,GFXRES,base/ships/yehat/shield.big
SHIELD_MED_MASK_ANIM,726,12,sc2code/ships/yehat/igfxres.h,GFXRES,base/ships/yehat/shield.med
SHIELD_SML_MASK_ANIM,726,13,sc2code/ships/yehat/igfxres.h,GFXRES,base/ships/yehat/shield.sml
YEHAT_CAPTAIN_MASK_PMAP_ANIM,726,14,sc2code/ships/yehat/igfxres.h,GFXRES,base/ships/yehat/yehcap.ani
SAMATRA_CODE,708,0,sc2code/ships/lastbat/icode.h,SHIP,25
SAMATRA_VICTORY_SONG,708,0,sc2code/ships/lastbat/imusicre.h,--,--
SAMATRA_SHIP_SOUNDS,708,1,sc2code/ships/lastbat/isndres.h,SNDRES,base/ships/lastbat/lassound.snd
SAMATRA_BIG_MASK_ANIM,708,2,sc2code/ships/lastbat/igfxres.h,GFXRES,base/ships/lastbat/lastbat.big
SAMATRA_MED_MASK_PMAP_ANIM,708,3,sc2code/ships/lastbat/igfxres.h,GFXRES,base/ships/lastbat/lastbat.med
SAMATRA_SML_MASK_PMAP_ANIM,708,4,sc2code/ships/lastbat/igfxres.h,GFXRES,base/ships/lastbat/lastbat.sml
SENTINEL_BIG_MASK_ANIM,708,5,sc2code/ships/lastbat/igfxres.h,GFXRES,base/ships/lastbat/senbig.ani
SENTINEL_MED_MASK_PMAP_ANIM,708,6,sc2code/ships/lastbat/igfxres.h,GFXRES,base/ships/lastbat/senmed.ani
SENTINEL_SML_MASK_PMAP_ANIM,708,7,sc2code/ships/lastbat/igfxres.h,GFXRES,base/ships/lastbat/sensml.ani
GENERATOR_BIG_MASK_ANIM,708,8,sc2code/ships/lastbat/igfxres.h,GFXRES,base/ships/lastbat/genbig.ani
GENERATOR_MED_MASK_PMAP_ANIM,708,9,sc2code/ships/lastbat/igfxres.h,GFXRES,base/ships/lastbat/genmed.ani
GENERATOR_SML_MASK_PMAP_ANIM,708,10,sc2code/ships/lastbat/igfxres.h,GFXRES,base/ships/lastbat/gensml.ani
SAMATRA_CAPTAIN_MASK_PMAP_ANIM,708,11,sc2code/ships/lastbat/igfxres.h,GFXRES,base/ships/lastbat/lascap.ani
SUPOX_CODE,719,0,sc2code/ships/supox/icode.h,SHIP,16
SUPOX_VICTORY_SONG,719,0,sc2code/ships/supox/imusicre.h,MUSICRES,base/ships/supox/supditty.mod
SUPOX_RACE_STRINGS,719,1,sc2code/ships/supox/istrtab.h,STRTAB,base/ships/supox/suptext.txt
SUPOX_SHIP_SOUNDS,719,2,sc2code/ships/supox/isndres.h,SNDRES,base/ships/supox/supsound.snd
SUPOX_ICON_MASK_PMAP_ANIM,719,3,sc2code/ships/supox/igfxres.h,GFXRES,base/ships/supox/supicons.ani
SUPOX_MICON_MASK_PMAP_ANIM,719,4,sc2code/ships/supox/igfxres.h,GFXRES,base/ships/supox/supmicon.ani
SUPOX_BIG_MASK_PMAP_ANIM,719,5,sc2code/ships/supox/igfxres.h,GFXRES,base/ships/supox/supox.big
SUPOX_MED_MASK_PMAP_ANIM,719,6,sc2code/ships/supox/igfxres.h,GFXRES,base/ships/supox/supox.med
SUPOX_SML_MASK_PMAP_ANIM,719,7,sc2code/ships/supox/igfxres.h,GFXRES,base/ships/supox/supox.sml
GOB_BIG_MASK_PMAP_ANIM,719,8,sc2code/ships/supox/igfxres.h,GFXRES,base/ships/supox/gobbig.ani
GOB_MED_MASK_PMAP_ANIM,719,9,sc2code/ships/supox/igfxres.h,GFXRES,base/ships/supox/gobmed.ani
GOB_SML_MASK_PMAP_ANIM,719,10,sc2code/ships/supox/igfxres.h,GFXRES,base/ships/supox/gobsml.ani
SUPOX_CAPTAIN_MASK_PMAP_ANIM,719,11,sc2code/ships/supox/igfxres.h,GFXRES,base/ships/supox/supcap.ani
THRADDASH_CODE,721,0,sc2code/ships/thradd/icode.h,SHIP,18
THRADDASH_VICTORY_SONG,721,0,sc2code/ships/thradd/imusicre.h,MUSICRES,base/ships/thradd/thrditty.mod
THRADDASH_RACE_STRINGS,721,1,sc2code/ships/thradd/istrtab.h,STRTAB,base/ships/thradd/thrtext.txt
THRADDASH_SHIP_SOUNDS,721,2,sc2code/ships/thradd/isndres.h,SNDRES,base/ships/thradd/thrsound.snd
THRADDASH_ICON_MASK_PMAP_ANIM,721,3,sc2code/ships/thradd/igfxres.h,GFXRES,base/ships/thradd/thricons.ani
THRADDASH_MICON_MASK_PMAP_ANIM,721,4,sc2code/ships/thradd/igfxres.h,GFXRES,base/ships/thradd/thrmicon.ani
THRADDASH_BIG_MASK_PMAP_ANIM,721,5,sc2code/ships/thradd/igfxres.h,GFXRES,base/ships/thradd/thradd.big
THRADDASH_MED_MASK_PMAP_ANIM,721,6,sc2code/ships/thradd/igfxres.h,GFXRES,base/ships/thradd/thradd.med
THRADDASH_SML_MASK_PMAP_ANIM,721,7,sc2code/ships/thradd/igfxres.h,GFXRES,base/ships/thradd/thradd.sml
HORN_BIG_MASK_PMAP_ANIM,721,8,sc2code/ships/thradd/igfxres.h,GFXRES,base/ships/thradd/horbig.ani
HORN_MED_MASK_PMAP_ANIM,721,9,sc2code/ships/thradd/igfxres.h,GFXRES,base/ships/thradd/hormed.ani
HORN_SML_MASK_PMAP_ANIM,721,10,sc2code/ships/thradd/igfxres.h,GFXRES,base/ships/thradd/horsml.ani
NAPALM_BIG_MASK_PMAP_ANIM,721,11,sc2code/ships/thradd/igfxres.h,GFXRES,base/ships/thradd/napbig.ani
NAPALM_MED_MASK_PMAP_ANIM,721,12,sc2code/ships/thradd/igfxres.h,GFXRES,base/ships/thradd/napmed.ani
NAPALM_SML_MASK_PMAP_ANIM,721,13,sc2code/ships/thradd/igfxres.h,GFXRES,base/ships/thradd/napsml.ani
THRADDASH_CAPTAIN_MASK_PMAP_ANIM,721,14,sc2code/ships/thradd/igfxres.h,GFXRES,base/ships/thradd/thrcap.ani
ANDROSYNTH_CODE,700,0,sc2code/ships/androsyn/icode.h,SHIP,0
ANDROSYNTH_VICTORY_SONG,700,0,sc2code/ships/androsyn/imusicre.h,MUSICRES,base/ships/androsyn/andditty.mod
ANDROSYNTH_RACE_STRINGS,700,1,sc2code/ships/androsyn/istrtab.h,STRTAB,base/ships/androsyn/andtext.txt
ANDROSYNTH_SHIP_SOUNDS,700,2,sc2code/ships/androsyn/isndres.h,SNDRES,base/ships/androsyn/andsound.snd
ANDROSYNTH_ICON_MASK_PMAP_ANIM,700,3,sc2code/ships/androsyn/igfxres.h,GFXRES,base/ships/androsyn/andicons.ani
ANDROSYNTH_MICON_MASK_PMAP_ANIM,700,4,sc2code/ships/androsyn/igfxres.h,GFXRES,base/ships/androsyn/andmicon.ani
ANDROSYNTH_BIG_MASK_PMAP_ANIM,700,5,sc2code/ships/androsyn/igfxres.h,GFXRES,base/ships/androsyn/androsyn.big
ANDROSYNTH_MED_MASK_PMAP_ANIM,700,6,sc2code/ships/androsyn/igfxres.h,GFXRES,base/ships/androsyn/androsyn.med
ANDROSYNTH_SML_MASK_PMAP_ANIM,700,7,sc2code/ships/androsyn/igfxres.h,GFXRES,base/ships/androsyn/androsyn.sml
BUBBLE_BIG_MASK_PMAP_ANIM,700,8,sc2code/ships/androsyn/igfxres.h,GFXRES,base/ships/androsyn/bubble.big
BUBBLE_MED_MASK_PMAP_ANIM,700,9,sc2code/ships/androsyn/igfxres.h,GFXRES,base/ships/androsyn/bubble.med
BUBBLE_SML_MASK_PMAP_ANIM,700,10,sc2code/ships/androsyn/igfxres.h,GFXRES,base/ships/androsyn/bubble.sml
BLAZER_BIG_MASK_PMAP_ANIM,700,11,sc2code/ships/androsyn/igfxres.h,GFXRES,base/ships/androsyn/blazer.big
BLAZER_MED_MASK_PMAP_ANIM,700,12,sc2code/ships/androsyn/igfxres.h,GFXRES,base/ships/androsyn/blazer.med
BLAZER_SML_MASK_PMAP_ANIM,700,13,sc2code/ships/androsyn/igfxres.h,GFXRES,base/ships/androsyn/blazer.sml
ANDROSYNTH_CAPT_MASK_PMAP_ANIM,700,14,sc2code/ships/androsyn/igfxres.h,GFXRES,base/ships/androsyn/andcap.ani
ORZ_CODE,712,0,sc2code/ships/orz/icode.h,SHIP,11
ORZ_VICTORY_SONG,712,0,sc2code/ships/orz/imusicre.h,MUSICRES,base/ships/orz/orzditty.mod
ORZ_RACE_STRINGS,712,1,sc2code/ships/orz/istrtab.h,STRTAB,base/ships/orz/orztext.txt
ORZ_SHIP_SOUNDS,712,2,sc2code/ships/orz/isndres.h,SNDRES,base/ships/orz/orzsound.snd
ORZ_ICON_MASK_PMAP_ANIM,712,3,sc2code/ships/orz/igfxres.h,GFXRES,base/ships/orz/orzicons.ani
ORZ_MICON_MASK_PMAP_ANIM,712,4,sc2code/ships/orz/igfxres.h,GFXRES,base/ships/orz/orzmicon.ani
ORZ_BIG_MASK_PMAP_ANIM,712,5,sc2code/ships/orz/igfxres.h,GFXRES,base/ships/orz/orz.big
ORZ_MED_MASK_PMAP_ANIM,712,6,sc2code/ships/orz/igfxres.h,GFXRES,base/ships/orz/orz.med
ORZ_SML_MASK_PMAP_ANIM,712,7,sc2code/ships/orz/igfxres.h,GFXRES,base/ships/orz/orz.sml
HOWITZER_BIG_MASK_PMAP_ANIM,712,8,sc2code/ships/orz/igfxres.h,GFXRES,base/ships/orz/howbig.ani
HOWITZER_MED_MASK_PMAP_ANIM,712,9,sc2code/ships/orz/igfxres.h,GFXRES,base/ships/orz/howmed.ani
HOWITZER_SML_MASK_PMAP_ANIM,712,10,sc2code/ships/orz/igfxres.h,GFXRES,base/ships/orz/howsml.ani
TURRET_BIG_MASK_PMAP_ANIM,712,11,sc2code/ships/orz/igfxres.h,GFXRES,base/ships/orz/turbig.ani
TURRET_MED_MASK_PMAP_ANIM,712,12,sc2code/ships/orz/igfxres.h,GFXRES,base/ships/orz/turmed.ani
TURRET_SML_MASK_PMAP_ANIM,712,13,sc2code/ships/orz/igfxres.h,GFXRES,base/ships/orz/tursml.ani
ORZ_CAPTAIN_MASK_PMAP_ANIM,712,14,sc2code/ships/orz/igfxres.h,GFXRES,base/ships/orz/orzcap.ani
